Word,Auditory.mean,Gustatory.mean,Haptic.mean,Interoceptive.mean,Olfactory.mean,Visual.mean,Auditory.SD,Gustatory.SD,Haptic.SD,Interoceptive.SD,Olfactory.SD,Visual.SD,Max_strength.perceptual,Exclusivity.perceptual,Dominant.perceptual,Minkowski3.perceptual,N_known.perceptual,Percent_known.perceptual
HANDSHAKE,0.0,0.0,4.944,0.444,0.0,3.667,0.0,0.0,0.236,0.856,0.0,1.715,4.944,0.546,Haptic,5.543,18,1.0
PRICKLY,0.133,0.2,4.933,1.867,0.2,3.267,0.352,0.414,0.258,1.995,0.561,1.58,4.933,0.453,Haptic,5.445,15,0.938
PILLOW,0.529,0.0,4.882,1.529,1.0,4.706,1.281,0.0,0.332,1.972,1.837,0.772,4.882,0.386,Haptic,6.085,17,1.0
TOUCH,0.562,0.0,4.875,1.312,0.0,2.625,1.413,0.0,0.5,1.621,0.0,2.029,4.875,0.52,Haptic,5.147,16,1.0
TOUCHING,0.2,0.05,4.85,1.95,0.0,1.7,0.523,0.224,0.489,2.064,0.0,1.976,4.85,0.554,Haptic,5.019,20,1.0
VELVETINESS,0.316,0.579,4.842,0.368,0.0,2.316,0.946,1.427,0.375,1.165,0.0,1.797,4.842,0.575,Haptic,5.016,19,1.0
FUCKING,3.474,2.316,4.789,4.632,2.263,4.105,1.867,2.083,0.535,0.684,1.851,1.595,4.789,0.117,Haptic,7.009,19,1.0
RUB,0.833,0.167,4.778,1.556,0.278,3.167,1.15,0.707,0.732,1.977,0.752,1.886,4.778,0.428,Haptic,5.256,18,1.0
RUBDOWN,0.647,0.059,4.765,3.176,0.647,3.118,1.169,0.243,0.562,2.128,1.32,2.027,4.765,0.379,Haptic,5.551,17,0.944
GRIP,0.0,0.25,4.75,1.188,0.0,2.812,0.0,1.0,0.683,1.834,0.0,1.682,4.75,0.528,Haptic,5.08,16,1.0
TOUCHSCREEN,0.45,0.0,4.75,0.25,0.0,4.45,0.945,0.0,0.91,0.91,0.0,0.686,4.75,0.48,Haptic,5.803,20,1.0
FONDLE,0.095,0.048,4.714,2.286,0.0,2.714,0.301,0.218,0.784,1.978,0.0,1.901,4.714,0.478,Haptic,5.152,21,1.0
FEEL,1.0,1.235,4.706,2.706,0.824,1.412,1.658,1.751,0.772,1.993,1.629,1.805,4.706,0.327,Haptic,5.069,17,1.0
CUDDLY,0.412,0.0,4.706,1.765,0.059,2.941,1.004,0.0,0.772,1.855,0.243,1.983,4.706,0.476,Haptic,5.133,17,0.944
SOFTNESS,1.688,0.5,4.688,0.875,0.562,3.062,2.182,1.265,0.873,1.746,1.413,1.879,4.688,0.368,Haptic,5.161,16,1.0
PETTED,0.375,0.0,4.688,1.312,0.125,3.312,1.258,0.0,0.602,2.056,0.5,2.024,4.688,0.478,Haptic,5.213,16,0.941
FURRINESS,0.333,0.095,4.667,0.571,0.238,3.667,0.796,0.301,0.658,1.287,0.768,1.826,4.667,0.478,Haptic,5.327,21,1.0
KEYBOARD,3.056,0.278,4.667,0.778,0.278,4.333,1.893,1.179,0.686,1.437,1.179,1.283,4.667,0.328,Haptic,5.963,18,1.0
SMOOTH,1.278,1.556,4.667,1.111,0.5,3.056,1.742,2.064,1.188,1.676,1.339,2.043,4.667,0.342,Haptic,5.161,18,1.0
PUTTYLIKE,0.471,0.059,4.647,0.588,0.059,3.941,1.281,0.243,0.786,1.326,0.243,1.713,4.647,0.47,Haptic,5.45,17,0.944
SILKY,0.786,0.286,4.643,0.429,0.071,2.857,0.975,0.825,0.842,0.756,0.267,1.231,4.643,0.504,Haptic,4.987,14,1.0
BLOWJOB,2.158,3.368,4.632,3.947,1.579,4.053,1.951,1.95,1.212,1.81,1.895,1.353,4.632,0.155,Haptic,6.539,19,1.0
POKE,0.842,0.0,4.632,1.526,0.053,2.789,1.214,0.0,0.955,1.837,0.229,1.475,4.632,0.471,Haptic,5.003,19,1.0
SOLID,1.421,1.263,4.632,0.895,0.526,4.368,1.924,2.023,0.955,1.823,1.577,1.383,4.632,0.313,Haptic,5.733,19,1.0
KNOB,0.412,0.0,4.588,0.235,0.0,3.765,0.795,0.0,0.87,0.752,0.0,1.715,4.588,0.51,Haptic,5.314,17,0.944
HAIR DRYER,4.824,0.0,4.588,1.0,0.765,4.824,0.393,0.0,0.712,1.541,1.147,0.393,4.824,0.301,Auditory,6.858,17,1.0
INTERCOURSE,3.105,2.158,4.579,4.474,2.211,4.053,1.792,1.74,1.17,0.841,1.782,1.129,4.579,0.118,Haptic,6.716,19,1.0
NAIL,1.571,0.071,4.571,0.214,0.0,4.429,1.91,0.267,1.089,0.426,0.0,1.505,4.571,0.421,Haptic,5.711,14,1.0
TEXTURALLY,0.25,1.188,4.562,1.0,0.0,2.625,0.683,1.471,0.629,1.317,0.0,1.668,4.562,0.474,Haptic,4.874,16,0.889
STEERING WHEEL,0.317,0.024,4.561,0.805,0.122,4.049,0.96,0.156,0.95,1.569,0.4,1.378,4.561,0.459,Haptic,5.449,41,1.0
THREAD,0.222,0.111,4.556,0.0,0.056,4.333,0.548,0.323,0.616,0.0,0.236,0.907,4.556,0.491,Haptic,5.603,18,1.0
SMOOTHLY,0.722,1.056,4.556,1.444,0.167,2.333,1.074,1.474,0.784,1.79,0.383,1.879,4.556,0.427,Haptic,4.818,18,0.947
HARD,1.15,0.2,4.55,1.5,0.05,2.9,1.496,0.696,0.686,1.85,0.224,1.553,4.55,0.435,Haptic,4.98,20,1.0
MAKE LOVE,3.39,2.488,4.537,4.61,2.317,4.0,1.626,2.026,0.869,0.919,1.877,1.581,4.61,0.107,Interoceptive,6.855,41,1.0
COMPUTER MOUSE,1.176,0.0,4.529,0.118,0.0,4.412,1.704,0.0,1.281,0.485,0.0,1.417,4.529,0.443,Haptic,5.651,17,1.0
SCRATCH,2.118,0.0,4.529,2.588,0.0,4.235,1.867,0.0,0.8,2.181,0.0,1.147,4.529,0.336,Haptic,5.806,17,1.0
RUBBERY,0.706,0.588,4.529,0.0,1.059,3.647,1.532,1.326,1.179,0.0,1.676,1.766,4.529,0.43,Haptic,5.231,17,1.0
SHAVING CREAM,1.316,0.526,4.526,0.316,2.842,4.211,1.827,1.307,1.02,0.82,1.803,1.584,4.526,0.307,Haptic,5.777,19,1.0
SOFT,0.684,0.368,4.526,0.842,0.316,1.947,1.057,0.684,1.172,1.608,0.749,1.615,4.526,0.485,Haptic,4.659,19,1.0
SPONGINESS,0.857,0.429,4.5,0.714,0.143,3.214,1.46,0.852,0.941,1.069,0.363,1.626,4.5,0.442,Haptic,5.005,14,0.778
FABRIC,0.85,0.05,4.5,0.45,0.75,4.45,1.182,0.224,0.827,0.887,1.209,0.826,4.5,0.403,Haptic,5.65,20,1.0
WET,1.636,1.182,4.5,2.0,0.955,3.045,1.761,1.563,0.964,1.976,1.253,1.939,4.5,0.266,Haptic,5.121,22,1.0
ICE COLD,0.125,1.312,4.5,2.062,0.188,1.688,0.342,1.58,1.317,1.982,0.544,1.702,4.5,0.443,Haptic,4.747,16,1.0
HOLDING,0.278,0.0,4.5,2.056,0.222,3.111,0.752,0.0,0.985,1.731,0.548,1.937,4.5,0.443,Haptic,5.065,18,1.0
SHARP,1.143,1.095,4.476,1.143,0.381,3.714,1.621,1.546,1.167,1.59,1.161,1.488,4.476,0.343,Haptic,5.257,21,1.0
CARESSING,0.632,0.368,4.474,2.263,0.368,1.895,1.165,1.116,1.073,2.104,0.955,1.56,4.474,0.411,Haptic,4.766,19,0.95
UNSMOOTH,0.235,0.412,4.471,0.235,0.059,2.412,0.562,0.712,1.375,0.562,0.243,1.906,4.471,0.564,Haptic,4.695,17,1.0
COARSELY,1.0,1.0,4.471,0.882,0.176,2.353,1.118,1.323,0.874,1.219,0.529,1.656,4.471,0.435,Haptic,4.719,17,1.0
PAINFUL,1.824,0.471,4.471,4.882,0.706,2.765,1.944,1.281,0.943,0.485,1.448,2.166,4.882,0.292,Interoceptive,6.157,17,1.0
CLOTHES,0.35,0.0,4.45,0.45,1.65,4.55,0.671,0.0,0.826,0.945,1.599,0.686,4.55,0.397,Visual,5.718,20,1.0
SKIN,0.1,0.4,4.45,1.7,1.1,4.3,0.447,1.142,0.945,1.922,1.334,1.174,4.45,0.361,Haptic,5.582,20,1.0
STEERINGWHEEL,0.667,0.056,4.444,0.222,0.167,3.722,1.188,0.236,1.097,0.548,0.383,1.526,4.444,0.473,Haptic,5.188,18,1.0
STURDINESS,0.556,0.0,4.444,0.722,0.0,3.889,1.294,0.0,1.247,1.406,0.0,1.451,4.444,0.462,Haptic,5.279,18,1.0
CLOTH,0.625,0.0,4.438,0.312,0.75,4.5,1.36,0.0,1.315,1.014,1.238,1.317,4.5,0.424,Visual,5.638,16,1.0
HUG,0.688,0.312,4.438,2.75,0.438,2.5,1.25,1.25,0.727,2.017,1.031,1.789,4.438,0.371,Haptic,4.99,16,1.0
ROUGHNESS,0.429,0.381,4.429,1.0,0.095,2.19,0.746,0.921,0.811,1.483,0.301,1.75,4.429,0.508,Haptic,4.618,21,1.0
TUG,0.5,0.0,4.429,1.429,0.0,3.286,1.16,0.0,1.089,1.555,0.0,1.729,4.429,0.459,Haptic,5.005,14,0.933
LUKEWARM,0.242,1.818,4.424,1.939,0.273,0.394,0.936,2.023,1.347,1.853,1.008,1.144,4.424,0.46,Haptic,4.642,33,1.0
CUDDLE,0.632,0.0,4.421,2.368,1.0,2.632,1.571,0.0,1.261,1.95,1.764,2.166,4.421,0.4,Haptic,4.921,19,1.0
CUSHIONY,0.211,0.0,4.421,0.684,0.0,2.895,0.713,0.0,1.216,1.455,0.0,1.912,4.421,0.538,Haptic,4.806,19,0.95
HUGGING,0.632,0.053,4.421,1.842,0.158,3.474,1.342,0.229,1.017,1.834,0.501,1.577,4.421,0.413,Haptic,5.128,19,1.0
PRICKING,0.474,0.105,4.421,2.368,0.053,1.316,1.124,0.315,1.17,1.862,0.229,1.734,4.421,0.5,Haptic,4.674,19,1.0
BED,0.895,0.263,4.421,1.474,0.842,4.105,1.049,0.806,0.838,1.775,1.463,1.449,4.421,0.346,Haptic,5.43,19,1.0
FLUFFY,0.0,0.294,4.412,0.353,0.0,3.765,0.0,0.772,0.87,0.702,0.0,1.678,4.412,0.5,Haptic,5.184,17,1.0
STRING CHEESE,0.0,4.941,4.412,0.647,3.824,4.824,0.0,0.243,1.121,0.996,1.667,0.529,4.941,0.265,Gustatory,7.211,17,1.0
HARDNESS,0.794,0.206,4.412,0.471,0.0,2.676,1.366,0.538,1.258,0.861,0.0,1.821,4.412,0.515,Haptic,4.727,34,0.971
FINGERTIP,0.333,0.133,4.4,0.733,0.0,3.467,1.291,0.516,1.352,1.387,0.0,1.995,4.4,0.485,Haptic,5.03,15,1.0
ELECTRICAL SHOCK,1.75,0.15,4.4,3.9,0.85,1.8,1.943,0.366,1.188,1.683,1.268,1.936,4.4,0.331,Haptic,5.387,20,1.0
CARESS,0.515,0.152,4.394,2.636,0.242,2.364,1.064,0.619,1.248,2.028,0.663,1.765,4.394,0.412,Haptic,4.884,33,1.0
BEDDING,0.696,0.304,4.391,1.478,1.478,4.391,1.46,1.063,0.722,1.62,1.648,1.076,4.391,0.321,Visual,5.606,23,0.958
MASSAGE,0.722,0.056,4.389,2.833,0.333,1.278,1.074,0.236,1.461,1.855,0.485,1.674,4.389,0.451,Haptic,4.788,18,1.0
CASHMERE,0.389,0.222,4.389,0.611,0.611,2.778,0.85,0.732,0.916,1.243,1.335,1.734,4.389,0.463,Haptic,4.74,18,1.0
FEELING,1.167,0.278,4.389,3.833,0.444,1.222,1.948,1.179,1.29,2.036,1.338,2.016,4.389,0.363,Haptic,5.246,18,1.0
PULL,1.0,0.056,4.389,2.222,0.056,2.389,1.572,0.236,1.29,1.896,0.236,2.062,4.389,0.429,Haptic,4.794,18,1.0
BEDSHEET,0.238,0.19,4.381,0.762,0.429,3.286,0.768,0.68,0.805,1.546,0.87,2.171,4.381,0.451,Haptic,4.934,21,1.0
BASKET,0.062,0.0,4.375,0.0,0.062,4.625,0.25,0.0,1.408,0.0,0.25,1.025,4.625,0.507,Visual,5.674,16,1.0
SOGGINESS,0.25,0.812,4.375,0.0,0.188,3.812,0.577,1.471,1.147,0.0,0.403,1.559,4.375,0.464,Haptic,5.189,16,1.0
PLASTIC,1.211,0.737,4.368,0.158,1.632,4.526,1.437,1.24,0.831,0.688,1.739,0.841,4.526,0.346,Visual,5.673,19,1.0
HOLD,0.353,0.0,4.353,0.647,0.0,3.588,0.786,0.0,1.115,1.412,0.0,1.622,4.353,0.487,Haptic,5.053,17,1.0
FORNICATED,2.471,1.176,4.353,3.529,1.471,3.176,1.772,1.59,1.169,1.772,1.463,1.811,4.353,0.196,Haptic,5.629,17,1.0
STICKINESS,0.824,1.0,4.353,0.353,0.176,2.765,1.51,1.541,1.367,1.222,0.529,1.678,4.353,0.441,Haptic,4.721,17,1.0
TEXTURED,0.588,0.471,4.353,0.588,0.059,2.529,1.326,0.717,0.931,1.502,0.243,1.546,4.353,0.5,Haptic,4.629,17,0.944
BRUSHES,1.059,0.353,4.353,1.059,0.353,3.824,1.478,0.862,0.931,1.819,0.702,1.944,4.353,0.364,Haptic,5.203,17,1.0
COARSENESS,1.1,0.35,4.35,0.8,0.15,3.2,1.41,0.745,1.348,1.508,0.671,1.795,4.35,0.422,Haptic,4.891,20,1.0
SEX,3.05,2.05,4.35,4.65,2.3,4.3,1.82,2.089,0.933,0.745,1.895,1.129,4.65,0.126,Interoceptive,6.779,20,1.0
POKED,0.4,0.25,4.35,2.2,0.1,1.65,0.883,1.118,1.137,2.067,0.447,1.785,4.35,0.475,Haptic,4.603,20,1.0
BATHWATER,1.667,0.857,4.333,1.286,0.952,4.238,1.623,1.74,1.39,2.077,1.627,1.261,4.333,0.261,Haptic,5.493,21,1.0
RIGID,1.222,0.167,4.333,1.667,0.056,3.833,1.629,0.707,0.84,1.645,0.236,1.339,4.333,0.379,Haptic,5.243,18,1.0
MASTURBATE,1.867,1.067,4.333,4.2,1.133,3.4,2.1,1.907,1.397,1.32,1.807,1.844,4.333,0.204,Haptic,5.886,15,1.0
PUNCH,1.722,0.5,4.333,2.611,0.333,3.833,1.708,1.339,1.283,1.883,1.188,1.505,4.333,0.3,Haptic,5.438,18,1.0
DOORHANDLE,1.389,0.167,4.333,0.333,0.222,3.944,1.539,0.514,1.283,0.767,0.647,1.474,4.333,0.401,Haptic,5.259,18,1.0
GLOVE,0.0,0.0,4.333,0.611,0.389,3.389,0.0,0.0,1.138,1.378,0.916,1.944,4.333,0.497,Haptic,4.94,18,1.0
MATTRESS,1.067,0.0,4.333,1.067,0.533,4.133,1.792,0.0,1.397,1.944,1.125,1.356,4.333,0.389,Haptic,5.367,15,1.0
PEN,0.526,0.053,4.316,0.053,0.158,4.211,1.307,0.229,0.946,0.229,0.501,1.437,4.316,0.458,Haptic,5.374,19,1.0
KISSING,1.263,2.263,4.316,2.368,0.947,3.263,1.368,2.077,1.529,2.29,1.649,1.79,4.316,0.234,Haptic,5.228,19,1.0
FONDLING,0.457,0.086,4.314,1.686,0.086,2.8,1.094,0.373,1.078,1.778,0.284,1.812,4.314,0.448,Haptic,4.75,35,1.0
MASTURBATION,2.375,0.188,4.312,3.125,0.625,2.688,2.029,0.75,1.25,1.996,1.204,2.056,4.312,0.31,Haptic,5.239,16,1.0
GRIPPING,0.9,0.05,4.3,1.95,0.05,2.35,1.683,0.224,1.342,1.905,0.224,1.814,4.3,0.443,Haptic,4.651,20,1.0
BUMPY,0.75,0.05,4.3,1.45,0.0,3.45,1.293,0.224,1.302,1.701,0.0,1.877,4.3,0.43,Haptic,4.987,20,1.0
SLICKNESS,0.9,0.45,4.3,0.9,0.1,2.25,1.651,1.146,1.218,1.586,0.308,2.049,4.3,0.472,Haptic,4.522,20,1.0
SEMISOFT,0.118,0.588,4.294,0.588,0.0,3.765,0.485,1.278,1.105,1.228,0.0,1.522,4.294,0.459,Haptic,5.104,17,0.944
FROZEN,0.444,0.944,4.278,1.611,0.444,3.611,0.922,1.514,1.127,1.787,1.338,1.754,4.278,0.338,Haptic,5.073,18,1.0
SPONGY,0.278,0.444,4.278,0.333,0.056,3.889,0.752,1.097,1.018,0.84,0.236,1.568,4.278,0.455,Haptic,5.158,18,1.0
SHAVED,0.556,0.167,4.278,1.111,0.722,3.833,0.856,0.514,0.895,1.491,1.487,1.383,4.278,0.385,Haptic,5.149,18,1.0
OILINESS,0.611,1.889,4.278,0.778,1.778,2.611,1.145,1.676,1.227,1.396,1.896,1.72,4.278,0.307,Haptic,4.779,18,1.0
VELVETY,0.944,1.0,4.278,0.667,0.0,3.167,1.626,1.495,1.32,1.188,0.0,1.886,4.278,0.425,Haptic,4.823,18,1.0
BOOB,0.111,0.5,4.278,1.222,0.333,4.444,0.471,1.2,1.227,1.833,0.84,0.856,4.444,0.398,Visual,5.519,18,1.0
BODY PART,1.389,1.444,4.278,3.111,1.889,4.444,1.539,2.064,0.958,1.967,1.967,0.856,4.444,0.185,Visual,5.931,18,0.947
VIBRATE,2.5,0.091,4.273,2.545,0.136,1.5,1.336,0.426,1.077,1.765,0.64,1.566,4.273,0.379,Haptic,4.842,22,1.0
ABRASIVE,1.333,0.467,4.267,0.8,0.4,2.0,1.718,0.99,1.58,1.474,0.91,1.512,4.267,0.417,Haptic,4.46,15,0.833
LUBRICATION,0.667,0.667,4.267,0.733,1.067,3.067,1.345,1.397,1.223,1.751,1.792,1.534,4.267,0.344,Haptic,4.773,15,1.0
SMOOCH,2.267,0.8,4.267,1.867,0.067,3.8,1.751,1.474,1.1,1.807,0.258,1.568,4.267,0.321,Haptic,5.328,15,0.938
TEXTURE,0.263,0.632,4.263,0.632,0.526,3.053,0.562,1.342,1.098,1.422,1.429,1.58,4.263,0.427,Haptic,4.741,19,1.0
KLEENEX,0.684,0.053,4.263,0.421,1.158,4.053,1.003,0.229,1.195,0.902,1.608,1.393,4.263,0.396,Haptic,5.265,19,1.0
CHOPSTICKS,0.526,1.211,4.263,0.421,0.474,3.789,1.073,1.813,1.593,1.017,1.307,1.653,4.263,0.36,Haptic,5.117,19,1.0
FIRMNESS,0.684,1.211,4.263,1.368,0.368,2.053,1.336,1.813,1.593,1.606,1.012,1.929,4.263,0.392,Haptic,4.495,19,1.0
LOTION,0.211,0.368,4.263,0.316,3.316,3.263,0.535,0.955,1.24,1.003,1.376,1.759,4.263,0.345,Haptic,5.299,19,1.0
VAGINA,0.45,2.65,4.25,2.0,2.0,4.55,0.759,2.134,1.517,2.34,1.974,0.999,4.55,0.258,Visual,5.903,20,1.0
MERCHANDISE,0.3,0.5,4.25,0.15,0.55,4.55,0.657,1.192,1.164,0.366,1.191,0.999,4.55,0.427,Visual,5.554,20,1.0
COOLNESS,0.45,2.1,4.25,3.5,0.65,1.95,1.146,1.997,1.333,1.638,1.182,1.82,4.25,0.295,Haptic,5.151,20,1.0
JAGGEDNESS,0.15,0.15,4.25,0.5,0.05,3.45,0.671,0.489,1.07,1.395,0.224,1.701,4.25,0.491,Haptic,4.904,20,1.0
SCREWDRIVER,0.571,0.19,4.238,0.381,0.19,4.333,1.121,0.68,1.3,0.805,0.68,1.065,4.333,0.418,Visual,5.403,21,1.0
ACUPUNCTURE,0.286,0.0,4.238,2.667,0.143,2.476,0.561,0.0,1.609,1.906,0.478,1.94,4.238,0.432,Haptic,4.796,21,1.0
TOUCHED,1.059,0.353,4.235,2.647,0.412,2.882,1.6,1.222,1.251,2.06,1.228,1.9,4.235,0.335,Haptic,4.929,17,1.0
WETNESS,1.045,0.909,4.227,1.955,0.455,3.5,1.43,1.342,1.445,1.838,0.8,1.626,4.227,0.312,Haptic,5.038,22,1.0
HANDRAIL,0.389,0.0,4.222,0.111,0.278,3.333,1.037,0.0,1.166,0.471,0.958,1.715,4.222,0.507,Haptic,4.826,18,0.947
SANDPAPER,1.833,0.222,4.222,0.5,0.278,4.056,1.543,0.943,1.263,1.339,0.958,1.305,4.222,0.36,Haptic,5.293,18,1.0
CARESSINGLY,0.611,0.0,4.222,2.056,0.0,2.667,1.092,0.0,1.215,1.924,0.0,1.749,4.222,0.442,Haptic,4.69,18,0.9
WAXY,0.389,0.944,4.222,0.278,0.389,3.778,0.778,1.474,1.114,0.575,0.698,1.353,4.222,0.394,Haptic,5.068,18,1.0
BOWL,0.947,0.053,4.211,0.0,0.053,4.526,1.545,0.229,1.316,0.0,0.229,1.219,4.526,0.462,Visual,5.52,19,1.0
FELT,0.316,0.263,4.211,1.368,0.105,1.895,0.749,0.933,1.475,1.862,0.315,2.079,4.211,0.503,Haptic,4.381,19,0.95
TINFOIL,2.579,0.211,4.211,0.105,0.105,4.526,2.036,0.419,1.273,0.459,0.459,1.219,4.526,0.377,Visual,5.693,19,1.0
JOYSTICK,0.684,0.158,4.211,0.105,0.105,3.947,1.108,0.688,1.316,0.459,0.459,1.433,4.211,0.446,Haptic,5.149,19,1.0
SHAKING HANDS,0.053,0.0,4.211,1.526,0.0,2.632,0.229,0.0,1.512,1.611,0.0,1.802,4.211,0.5,Haptic,4.586,19,1.0
PAPER,1.895,0.105,4.211,0.368,0.684,4.316,1.449,0.315,1.032,1.212,0.885,1.157,4.316,0.364,Visual,5.454,19,1.0
LUMPINESS,0.45,1.25,4.2,1.4,0.2,3.75,0.686,1.65,1.399,1.698,0.696,1.482,4.2,0.356,Haptic,5.087,20,1.0
COFFEE CUP,0.95,1.45,4.2,0.8,1.7,4.55,1.538,1.959,1.322,1.673,2.003,1.146,4.55,0.275,Visual,5.621,20,1.0
SHIRT,0.333,0.4,4.2,0.533,0.8,4.8,1.291,1.298,1.265,1.356,1.74,0.561,4.8,0.404,Visual,5.703,15,1.0
KNEADING,0.733,0.4,4.2,1.133,0.8,3.133,0.961,1.056,1.424,1.457,1.568,1.959,4.2,0.365,Haptic,4.752,15,0.938
POLYESTER,0.3,0.0,4.2,0.4,0.25,3.85,0.801,0.0,1.361,0.883,0.716,1.631,4.2,0.467,Haptic,5.082,20,1.0
FEATHERINESS,0.688,0.0,4.188,0.875,0.0,3.312,1.25,0.0,1.276,1.36,0.0,1.58,4.188,0.462,Haptic,4.803,16,0.941
CARPET,0.25,0.0,4.188,0.625,0.375,3.375,0.577,0.0,1.377,1.36,0.806,1.668,4.188,0.475,Haptic,4.823,16,1.0
FRENCH KISS,1.25,2.875,4.188,2.688,0.75,2.25,1.342,2.029,1.047,1.991,1.528,1.983,4.188,0.246,Haptic,5.071,16,1.0
PERSONAL COMPUTER,1.375,0.0,4.188,0.062,0.062,4.875,1.455,0.0,1.471,0.25,0.25,0.5,4.875,0.462,Visual,5.768,16,1.0
DOORKNOB,0.938,0.0,4.188,0.062,0.0,4.562,1.482,0.0,1.797,0.25,0.0,1.094,4.562,0.468,Visual,5.531,16,1.0
REAL,3.818,3.727,4.182,3.273,3.818,4.182,1.708,1.723,1.5,1.667,1.563,1.5,4.182,0.04,Visual,7.01,22,0.917
SLIMY,0.824,1.235,4.176,1.059,0.471,3.118,1.131,1.3,1.425,1.713,1.068,1.409,4.176,0.341,Haptic,4.746,17,1.0
SEAT,0.588,0.0,4.176,0.588,0.059,3.882,1.278,0.0,1.185,1.372,0.243,1.616,4.176,0.449,Haptic,5.089,17,1.0
BASEBALL BAT,2.412,0.235,4.176,0.471,0.529,4.529,1.839,0.562,1.629,1.068,0.943,0.8,4.529,0.348,Visual,5.647,17,1.0
BRUSHING,1.412,0.176,4.176,0.588,0.059,3.588,1.583,0.529,1.51,1.064,0.243,1.583,4.176,0.412,Haptic,4.961,17,1.0
GOOEY,0.778,1.944,4.167,1.5,0.278,3.778,0.878,1.765,1.2,1.465,0.669,1.166,4.167,0.312,Haptic,5.161,18,1.0
SPOON,0.889,0.389,4.167,0.167,0.0,4.333,1.53,1.195,1.383,0.707,0.0,1.455,4.333,0.436,Visual,5.366,18,1.0
PUNCHING,1.222,0.111,4.167,1.889,0.056,3.0,1.478,0.471,1.654,2.083,0.236,1.572,4.167,0.394,Haptic,4.761,18,1.0
THORNY,0.5,0.0,4.167,0.556,0.0,3.167,1.043,0.0,1.249,1.381,0.0,1.978,4.167,0.497,Haptic,4.709,18,1.0
FOREARM,0.278,0.167,4.167,1.944,0.278,4.333,0.752,0.707,1.339,2.235,0.669,1.138,4.333,0.373,Visual,5.441,18,1.0
ARMBAND,0.444,0.056,4.167,0.5,0.278,3.556,1.149,0.236,1.383,1.043,0.958,1.79,4.167,0.457,Haptic,4.898,18,1.0
COMB,0.579,0.0,4.158,0.842,0.053,3.895,1.17,0.0,1.463,1.537,0.229,1.524,4.158,0.436,Haptic,5.088,19,1.0
ARMS,0.895,0.053,4.158,2.211,0.316,4.579,1.696,0.229,1.385,2.323,1.157,0.838,4.579,0.371,Visual,5.64,19,1.0
BLANKET,0.211,0.053,4.158,0.684,0.947,3.368,0.419,0.229,1.463,1.108,1.311,2.033,4.158,0.436,Haptic,4.81,19,1.0
SPACE BAR,1.789,0.0,4.158,0.211,0.0,3.684,1.782,0.0,1.573,0.713,0.0,1.857,4.158,0.422,Haptic,5.035,19,1.0
BATH,1.632,0.0,4.158,2.0,1.158,4.158,1.499,0.0,1.425,1.944,1.537,1.344,4.158,0.317,Visual,5.402,19,1.0
UTENSIL,1.05,0.45,4.15,0.3,0.1,4.15,1.538,0.887,1.424,0.923,0.308,1.424,4.15,0.397,Visual,5.244,20,1.0
SQUEEZE,1.45,0.4,4.15,1.55,0.15,3.45,1.791,0.94,1.387,1.82,0.489,1.468,4.15,0.359,Haptic,4.924,20,1.0
TENNIS RACKET,1.15,0.0,4.15,0.05,0.3,4.2,1.599,0.0,0.875,0.224,0.801,1.152,4.2,0.426,Visual,5.279,20,1.0
BLISTER,0.0,0.19,4.143,2.714,0.0,3.905,0.0,0.873,1.352,1.953,0.0,1.48,4.143,0.378,Haptic,5.321,21,1.0
BELT BUCKLE,0.762,0.0,4.143,0.143,0.0,4.381,1.044,0.0,1.276,0.478,0.0,1.117,4.381,0.465,Visual,5.379,21,1.0
SILLY PUTTY,0.476,0.095,4.143,0.048,1.667,4.286,0.981,0.301,1.558,0.218,1.528,1.056,4.286,0.396,Visual,5.367,21,1.0
HIGH TEMPERATURE,0.2,0.467,4.133,3.0,0.4,2.067,0.561,1.125,1.598,2.138,0.828,1.981,4.133,0.383,Haptic,4.742,15,1.0
GREASINESS,0.267,2.8,4.133,0.133,1.267,3.4,0.594,1.897,1.685,0.352,1.624,1.454,4.133,0.333,Haptic,5.116,15,1.0
TOWEL,0.522,0.0,4.13,0.261,0.522,4.348,1.31,0.0,1.456,0.864,1.163,0.885,4.348,0.444,Visual,5.348,23,1.0
RUBBING,1.062,0.062,4.125,1.75,0.125,2.25,1.526,0.25,1.36,1.949,0.5,2.017,4.125,0.433,Haptic,4.45,16,1.0
SMOOTHNESS,0.5,1.812,4.125,0.812,0.125,2.875,0.894,1.682,1.708,1.328,0.342,1.708,4.125,0.39,Haptic,4.65,16,1.0
WOODEN SPOON,0.525,0.925,4.125,0.125,0.15,4.2,1.062,1.403,0.966,0.648,0.483,1.436,4.2,0.405,Visual,5.256,40,0.976
FLUFFINESS,0.188,0.75,4.125,0.438,0.125,3.375,0.75,1.571,1.36,1.263,0.5,1.455,4.125,0.444,Haptic,4.779,16,0.941
HANDKERCHIEF,0.062,0.0,4.125,0.062,0.375,3.875,0.25,0.0,1.088,0.25,0.885,1.5,4.125,0.485,Haptic,5.045,16,1.0
TICKLING,0.824,0.0,4.118,3.412,0.0,1.882,1.51,0.0,1.453,1.906,0.0,2.088,4.118,0.402,Haptic,4.888,17,1.0
COARSE,0.882,0.706,4.118,0.118,0.294,2.706,1.536,1.448,1.409,0.485,1.213,1.759,4.118,0.453,Haptic,4.493,17,1.0
GLASSWARE,1.824,0.824,4.118,0.294,0.294,4.412,2.215,1.59,1.576,1.213,1.213,1.176,4.412,0.35,Visual,5.455,17,0.944
HOT,0.647,1.765,4.118,2.412,0.824,1.706,1.367,2.047,1.453,2.063,1.237,2.024,4.118,0.303,Haptic,4.565,17,1.0
KISSER,1.765,2.176,4.118,2.294,0.471,3.0,1.678,1.944,1.364,2.054,0.8,1.871,4.118,0.264,Haptic,4.997,17,1.0
LATEX,0.588,0.294,4.118,0.235,1.471,3.588,1.004,0.772,1.219,0.562,1.807,1.97,4.118,0.377,Haptic,4.925,17,1.0
DISHWASHING,2.118,0.176,4.118,0.235,0.765,4.647,1.799,0.393,1.576,0.437,1.348,0.862,4.647,0.371,Visual,5.648,17,1.0
SPANKING,2.529,0.0,4.118,1.647,0.0,2.765,2.035,0.0,1.728,2.149,0.0,2.223,4.118,0.372,Haptic,4.815,17,1.0
SPIKY,0.176,0.059,4.118,0.353,0.0,3.824,0.529,0.243,1.409,0.702,0.0,1.667,4.118,0.483,Haptic,5.01,17,0.895
DAMPNESS,0.278,0.222,4.111,0.5,1.5,2.5,0.752,0.428,1.132,1.043,1.79,1.654,4.111,0.427,Haptic,4.459,18,1.0
SOCK,0.167,0.167,4.111,0.278,1.667,3.611,0.514,0.514,1.451,0.669,1.609,1.614,4.111,0.394,Haptic,4.949,18,1.0
FUZZY,0.5,0.167,4.111,0.667,0.0,3.056,1.249,0.514,1.605,1.188,0.0,1.589,4.111,0.484,Haptic,4.617,18,1.0
BRAILLE,0.056,0.0,4.111,0.278,0.056,1.278,0.236,0.0,1.906,0.958,0.236,1.406,4.111,0.712,Haptic,4.152,18,0.947
OUCH,0.684,0.053,4.105,4.211,0.0,1.316,1.293,0.229,1.41,1.316,0.0,1.827,4.211,0.406,Interoceptive,5.271,19,1.0
SWEATER,0.0,0.0,4.105,0.421,0.421,3.895,0.0,0.0,1.286,1.216,0.692,1.663,4.105,0.464,Haptic,5.045,19,1.0
FINGER,0.158,0.632,4.105,0.789,0.368,3.947,0.375,1.383,1.329,1.512,0.831,1.471,4.105,0.395,Haptic,5.085,19,1.0
HOTNESS,1.0,1.474,4.105,2.526,0.947,2.316,1.491,1.954,1.524,2.17,1.747,1.797,4.105,0.255,Haptic,4.684,19,1.0
PRESSING,0.263,0.316,4.105,2.579,0.105,1.632,0.562,1.157,1.41,2.09,0.459,1.921,4.105,0.444,Haptic,4.494,19,1.0
COLD,0.368,1.263,4.105,3.526,0.316,1.684,1.165,1.727,1.197,1.712,0.946,1.945,4.105,0.336,Haptic,4.931,19,1.0
COAT HANGER,0.85,0.25,4.1,0.3,0.15,4.5,1.496,0.91,1.619,0.979,0.489,0.889,4.5,0.429,Visual,5.437,20,1.0
ELASTIC BAND,0.75,0.1,4.1,0.25,0.5,3.65,1.164,0.308,1.41,0.639,0.761,1.631,4.1,0.428,Haptic,4.906,20,1.0
FURNITURE,0.81,0.19,4.095,0.429,0.952,4.095,1.078,0.68,1.338,1.165,1.203,1.3,4.095,0.369,Visual,5.178,21,1.0
WOOL,0.143,0.086,4.086,0.171,0.6,3.743,0.355,0.284,1.463,0.707,1.09,1.462,4.086,0.453,Haptic,4.944,35,1.0
FOOTSY,0.462,0.077,4.077,1.308,0.308,1.615,0.967,0.277,1.188,1.548,0.855,1.609,4.077,0.51,Haptic,4.205,13,0.812
TARLIKE,0.286,1.0,4.071,0.429,2.714,3.357,0.469,1.519,1.542,1.158,2.128,2.134,4.071,0.319,Haptic,5.019,14,0.778
T-SHIRT,0.333,0.333,4.067,0.533,0.733,4.733,1.291,1.291,1.534,1.356,1.751,0.594,4.733,0.41,Visual,5.582,15,1.0
HEAT,0.438,0.562,4.062,3.375,0.688,1.0,0.512,1.263,1.569,1.784,0.873,1.461,4.062,0.358,Haptic,4.749,16,1.0
TOUCHABLE,0.688,0.438,4.062,0.812,0.062,2.75,1.401,1.315,1.569,1.328,0.25,1.77,4.062,0.454,Haptic,4.461,16,1.0
BACKSLAP,1.647,0.059,4.059,2.235,0.059,2.588,1.693,0.243,1.819,2.078,0.243,1.97,4.059,0.376,Haptic,4.639,17,0.944
BASEBALL,2.647,0.235,4.059,1.118,0.882,4.882,2.262,0.664,1.676,1.9,1.691,0.332,4.882,0.336,Visual,5.886,17,1.0
WASHRAG,0.118,0.176,4.059,0.176,1.176,3.706,0.485,0.529,1.435,0.529,1.334,1.448,4.059,0.419,Haptic,4.924,17,1.0
SLIPPERINESS,0.882,0.412,4.059,1.0,0.059,2.882,1.317,1.228,1.56,1.323,0.243,1.867,4.059,0.43,Haptic,4.524,17,0.944
WASHING,2.235,0.0,4.059,0.412,1.471,4.235,2.107,0.0,1.713,1.278,1.736,1.437,4.235,0.341,Visual,5.398,17,1.0
BUBBLE WRAP,3.588,0.0,4.059,0.471,0.118,4.235,1.622,0.0,1.391,1.125,0.332,1.3,4.235,0.34,Visual,5.74,17,1.0
PENIS,0.412,1.176,4.059,2.118,0.765,4.353,0.795,1.811,1.029,1.867,0.903,0.996,4.353,0.306,Visual,5.44,17,1.0
WRIST,0.412,0.294,4.059,2.176,0.353,4.412,1.228,1.213,1.345,1.944,1.222,0.712,4.412,0.352,Visual,5.465,17,1.0
DOUGH,0.588,3.353,4.059,0.765,3.353,3.529,1.278,1.902,1.56,1.437,1.935,1.736,4.059,0.222,Haptic,5.717,17,1.0
RUBBED,0.471,0.059,4.059,0.765,0.059,1.647,1.068,0.243,1.345,1.2,0.243,1.367,4.059,0.567,Haptic,4.158,17,1.0
SLIME,0.529,0.824,4.059,0.176,1.353,3.765,1.068,1.551,1.56,0.529,1.656,1.751,4.059,0.363,Haptic,4.979,17,0.944
CLAMMILY,0.294,0.176,4.059,1.824,0.353,1.059,0.772,0.529,1.713,1.879,1.057,1.249,4.059,0.5,Haptic,4.202,17,0.895
SOFA,0.389,0.0,4.056,0.722,0.389,4.167,0.979,0.0,1.056,1.364,1.195,1.098,4.167,0.429,Visual,5.187,18,1.0
NIGHTCLOTHES,0.278,0.056,4.056,1.111,0.389,4.0,0.752,0.236,1.434,1.745,0.85,1.847,4.056,0.404,Haptic,5.094,18,0.947
HANDWASH,1.778,0.333,4.056,0.611,1.778,3.167,1.592,1.188,1.392,1.195,1.629,1.581,4.056,0.318,Haptic,4.791,18,1.0
THIGH,0.167,0.444,4.056,1.167,0.222,3.944,0.383,1.247,1.056,1.654,0.548,1.434,4.056,0.389,Haptic,5.063,18,1.0
GAS PEDAL,0.789,0.263,4.053,0.474,0.263,3.053,1.316,1.147,1.268,1.307,1.147,2.013,4.053,0.426,Haptic,4.573,19,1.0
RIGIDNESS,1.158,0.105,4.053,1.474,0.105,3.579,1.642,0.459,1.682,1.645,0.459,1.61,4.053,0.377,Haptic,4.893,19,1.0
FUR COAT,0.105,0.0,4.053,0.0,0.368,4.053,0.459,0.0,1.545,0.0,1.165,1.649,4.053,0.472,Visual,5.107,19,0.95
CUSHION,0.053,0.0,4.053,0.632,0.053,2.737,0.229,0.0,1.545,1.116,0.229,1.881,4.053,0.538,Haptic,4.436,19,1.0
POKE AT,0.368,0.0,4.053,1.368,0.0,3.105,0.831,0.0,1.649,1.892,0.0,1.912,4.053,0.456,Haptic,4.628,19,1.0
RUBBER,0.579,0.368,4.053,0.158,2.684,4.0,1.017,0.955,1.353,0.501,1.916,1.453,4.053,0.329,Haptic,5.315,19,1.0
QUILT,0.684,0.105,4.053,0.684,0.526,3.842,1.108,0.459,1.268,1.455,0.964,1.5,4.053,0.399,Haptic,4.987,19,1.0
BODY LOTION,0.895,0.632,4.053,0.842,3.368,3.211,1.41,1.571,1.508,1.5,1.64,1.813,4.053,0.263,Haptic,5.186,19,1.0
TOILET PAPER,0.789,0.421,4.053,0.842,0.579,4.053,1.686,1.305,1.224,1.74,1.427,1.545,4.053,0.338,Visual,5.123,19,1.0
AIR MATTRESS,0.474,0.105,4.053,0.737,0.316,4.421,0.772,0.459,1.129,1.485,0.582,1.017,4.421,0.427,Visual,5.354,19,1.0
ARMCHAIR,0.684,0.0,4.053,0.474,0.474,4.579,1.416,0.0,1.715,0.964,1.02,1.017,4.579,0.446,Visual,5.464,19,1.0
MOISTURIZE,0.6,0.65,4.05,0.9,1.1,2.55,1.536,1.348,1.191,1.619,1.41,1.669,4.05,0.35,Haptic,4.407,20,1.0
ELECTRIC SHOCK,1.45,0.2,4.05,3.3,0.5,2.35,1.538,0.894,1.356,2.055,1.0,1.814,4.05,0.325,Haptic,4.912,20,1.0
TOILET TISSUE,0.5,0.0,4.05,0.2,0.6,4.2,0.827,0.0,1.638,0.696,1.142,1.361,4.2,0.44,Visual,5.203,20,1.0
BABY,4.048,0.524,4.048,1.952,3.143,4.381,1.359,1.078,1.359,1.774,1.558,1.465,4.381,0.213,Visual,6.344,21,1.0
FLESH,1.038,1.269,4.038,2.077,1.385,3.962,1.612,1.733,1.637,2.153,1.722,1.483,4.038,0.218,Haptic,5.227,26,1.0
PUSSY,1.5,2.778,4.0,2.667,2.778,3.889,2.176,2.157,1.68,2.169,2.045,1.875,4.0,0.142,Haptic,5.729,18,1.0
MOIST,1.062,2.375,4.0,1.25,1.312,3.375,1.124,1.821,1.461,1.528,1.25,1.36,4.0,0.22,Haptic,4.95,16,0.889
KITTEN,3.474,0.105,4.0,1.105,1.526,4.263,1.429,0.459,1.333,1.696,1.837,1.046,4.263,0.287,Visual,5.732,19,1.0
KEYSTROKE,3.0,0.381,4.0,0.762,0.381,3.429,1.612,1.244,1.581,1.578,1.244,1.69,4.0,0.303,Haptic,5.09,21,1.0
STYLUS,0.929,0.286,4.0,0.286,0.214,4.714,1.207,1.069,1.569,0.726,0.579,0.611,4.714,0.432,Visual,5.536,14,0.933
MACRAME,0.417,0.0,4.0,0.0,0.0,4.583,0.793,0.0,1.206,0.0,0.0,0.669,4.583,0.509,Visual,5.433,12,0.571
SMARTPHONE,3.375,0.125,4.0,0.5,0.062,4.625,1.31,0.5,1.414,1.414,0.25,0.619,4.625,0.36,Visual,5.863,16,1.0
TACKLED,1.886,0.114,4.0,2.857,0.171,3.114,1.843,0.53,1.495,1.833,0.618,1.843,4.0,0.32,Haptic,4.99,35,0.972
PRESS DOWN,0.933,0.467,4.0,1.133,0.867,3.533,1.71,1.356,1.604,1.995,1.767,1.598,4.0,0.323,Haptic,4.808,15,1.0
LINEN,0.55,0.1,4.0,0.25,1.45,4.0,1.146,0.308,1.298,0.639,1.572,1.17,4.0,0.377,Haptic,5.082,20,0.952
PRICKLINESS,0.438,0.062,4.0,1.625,0.0,2.688,0.814,0.25,1.751,2.125,0.0,1.702,4.0,0.454,Haptic,4.444,16,0.941
BASEBALL GLOVE,0.765,0.0,4.0,0.0,1.765,4.294,1.033,0.0,1.225,0.0,1.437,1.047,4.294,0.397,Visual,5.303,17,1.0
STRANGLE,1.471,0.176,4.0,2.647,0.176,3.059,1.875,0.728,1.658,2.029,0.728,2.164,4.0,0.332,Haptic,4.854,17,1.0
NONMETAL,1.875,1.062,4.0,0.312,0.938,4.375,1.857,1.34,1.461,1.014,1.482,1.204,4.375,0.323,Visual,5.388,16,0.941
PAPER TOWEL,0.474,0.105,4.0,0.263,0.211,4.053,1.219,0.459,1.202,0.806,0.713,1.079,4.053,0.434,Visual,5.075,19,1.0
SOFTLY,2.167,0.278,4.0,1.444,0.167,1.944,2.093,0.958,1.572,1.723,0.707,1.984,4.0,0.383,Haptic,4.389,18,1.0
SOFTCOVER,0.25,0.0,4.0,0.0,0.062,4.0,0.683,0.0,1.506,0.0,0.25,1.592,4.0,0.481,Haptic,5.04,16,0.889
LEAF,1.421,0.684,4.0,0.0,1.0,4.579,1.835,1.376,1.491,0.0,1.528,1.017,4.579,0.392,Visual,5.476,19,1.0
LEATHER,0.75,0.1,4.0,0.15,3.2,4.65,1.07,0.308,1.686,0.489,1.735,0.813,4.65,0.354,Visual,5.826,20,1.0
LOVEMAKING,3.611,3.056,4.0,4.111,3.167,4.0,1.501,1.893,1.414,1.367,1.689,1.085,4.111,0.048,Interoceptive,6.73,18,1.0
KNOT,0.0,0.0,4.0,0.353,0.0,4.059,0.0,0.0,1.061,0.862,0.0,1.391,4.059,0.483,Visual,5.078,17,1.0
FOOTBATH,1.0,0.059,4.0,1.471,0.588,3.588,1.414,0.243,1.458,1.663,1.064,1.064,4.0,0.368,Haptic,4.857,17,1.0
JAR,0.412,0.118,4.0,0.0,0.118,4.529,0.87,0.485,1.173,0.0,0.485,0.8,4.529,0.494,Visual,5.395,17,1.0
SCALP,0.0,0.0,4.0,1.176,0.0,3.706,0.0,0.0,1.458,1.845,0.0,1.611,4.0,0.45,Haptic,4.884,17,1.0
COMBING,0.778,0.167,4.0,0.889,0.389,2.889,1.309,0.707,1.328,1.278,1.145,1.844,4.0,0.421,Haptic,4.471,18,1.0
TICKLE,0.875,0.0,4.0,3.062,0.125,1.812,1.408,0.0,1.506,2.112,0.342,2.073,4.0,0.405,Haptic,4.631,16,1.0
TOUCHPAD,0.571,0.143,4.0,0.357,0.0,2.286,0.756,0.363,1.664,1.082,0.0,1.899,4.0,0.544,Haptic,4.239,14,0.933
THORNINESS,0.562,0.188,4.0,1.438,0.375,2.562,1.153,0.544,1.713,1.632,0.885,1.896,4.0,0.418,Haptic,4.38,16,0.889
WATERBED,1.8,0.0,4.0,1.0,0.067,4.267,1.521,0.0,1.414,1.464,0.258,1.335,4.267,0.383,Visual,5.296,15,1.0
FLUFFILY,0.688,1.062,4.0,0.5,0.438,3.0,1.401,1.611,1.211,0.894,1.031,1.673,4.0,0.368,Haptic,4.526,16,0.889
WATER BED,2.263,0.053,4.0,1.211,0.158,3.895,1.939,0.229,1.667,1.813,0.375,1.41,4.0,0.341,Haptic,5.148,19,1.0
GENTLY,1.438,0.062,4.0,2.188,0.0,1.75,1.59,0.25,1.366,1.94,0.0,1.844,4.0,0.424,Haptic,4.359,16,1.0
IRONWARE,0.667,0.067,4.0,0.067,0.6,4.133,0.976,0.258,1.134,0.258,1.056,1.457,4.133,0.427,Visual,5.132,15,1.0
HANDSHAKING,0.45,0.0,4.0,0.55,0.1,3.1,0.945,0.0,1.487,0.826,0.447,1.619,4.0,0.488,Haptic,4.548,20,1.0
THICK,0.421,0.579,4.0,0.737,0.105,3.632,0.902,1.427,1.247,1.368,0.315,1.978,4.0,0.411,Haptic,4.828,19,1.0
HARDENED,1.0,0.389,4.0,0.444,0.0,4.167,1.455,0.979,1.372,0.922,0.0,1.295,4.167,0.417,Visual,5.161,18,1.0
HARDENING,0.632,0.211,4.0,0.632,0.211,2.737,1.012,0.535,0.943,0.955,0.713,1.661,4.0,0.45,Haptic,4.397,19,1.0
FURRY,0.6,0.3,4.0,0.75,0.45,4.2,1.231,0.733,1.654,1.446,1.05,1.005,4.2,0.379,Visual,5.178,20,1.0
COPULATE,3.2,0.733,4.0,3.333,1.133,4.2,1.897,1.28,1.773,1.988,1.457,1.207,4.2,0.209,Visual,5.941,15,0.789
COAT,0.361,0.0,4.0,0.528,0.667,3.861,1.099,0.0,1.171,1.32,1.309,1.355,4.0,0.425,Haptic,4.96,36,1.0
DISH TOWEL,0.485,0.03,4.0,0.152,0.909,4.242,1.149,0.174,1.346,0.619,1.444,1.173,4.242,0.429,Visual,5.208,33,1.0
COOKWARE,1.053,0.474,4.0,0.158,0.579,4.526,1.311,0.964,1.491,0.501,1.261,0.964,4.526,0.405,Visual,5.408,19,1.0
FROZEN FOOD,1.0,4.2,4.0,1.467,3.267,4.333,1.414,1.265,1.195,1.685,1.792,0.816,4.333,0.182,Visual,6.37,15,1.0
COLDNESS,0.4,0.85,4.0,2.7,0.1,1.85,0.94,1.496,1.589,2.105,0.447,1.785,4.0,0.394,Haptic,4.493,20,1.0
UNSCREWING,1.579,0.263,4.0,1.263,0.316,3.684,1.539,0.733,1.106,1.695,0.82,1.455,4.0,0.336,Haptic,4.933,19,0.95
UNPADDED,0.526,0.263,4.0,0.895,0.263,3.579,1.429,1.147,1.453,1.823,1.147,1.61,4.0,0.392,Haptic,4.802,19,1.0
SWIMMING POOL,2.031,0.594,3.969,1.281,1.531,4.375,1.84,1.043,1.448,1.708,1.741,0.793,4.375,0.274,Visual,5.435,32,1.0
PAT,1.097,0.0,3.968,0.613,0.0,2.71,1.469,0.0,1.581,1.308,0.0,1.829,3.968,0.473,Haptic,4.378,31,0.969
WETTER,0.652,0.435,3.957,0.87,0.261,3.0,1.265,1.121,1.296,1.576,0.541,1.834,3.957,0.403,Haptic,4.481,23,1.0
SOAP,0.095,0.667,3.952,0.095,3.381,3.81,0.301,1.354,1.431,0.301,1.431,1.47,3.952,0.321,Haptic,5.383,21,1.0
SUNSCREEN,0.143,0.476,3.952,0.714,2.857,2.81,0.359,0.873,1.244,1.102,1.276,1.436,3.952,0.348,Haptic,4.758,21,1.0
UNLOCKING,2.667,0.0,3.952,0.143,0.0,3.762,1.853,0.0,1.465,0.359,0.0,1.7,3.952,0.376,Haptic,5.117,21,1.0
PUPPY,3.4,0.2,3.95,0.8,2.35,4.55,1.698,0.696,1.572,1.399,1.814,0.686,4.55,0.285,Visual,5.931,20,1.0
MITTEN,0.5,0.25,3.95,0.9,0.15,4.1,1.051,0.91,1.356,1.41,0.489,0.968,4.1,0.401,Visual,5.084,20,1.0
SPANK,2.6,0.0,3.95,2.1,0.0,2.85,1.729,0.0,1.761,2.075,0.0,2.159,3.95,0.343,Haptic,4.815,20,1.0
GENITALS,0.15,0.65,3.95,1.45,0.7,4.35,0.489,1.089,1.317,1.877,1.218,0.933,4.35,0.373,Visual,5.285,20,1.0
SMOOTHER,1.0,0.7,3.95,0.8,0.05,3.1,1.298,1.218,1.504,1.24,0.224,1.917,3.95,0.406,Haptic,4.535,20,1.0
MOSQUITO BITE,0.15,0.0,3.95,2.45,0.0,3.8,0.671,0.0,1.605,1.905,0.0,1.609,3.95,0.382,Haptic,5.081,20,1.0
BOOKBAG,0.421,0.316,3.947,0.368,0.474,4.579,0.902,1.003,1.268,1.212,1.02,0.507,4.579,0.422,Visual,5.404,19,1.0
TOILETPAPER,0.684,0.158,3.947,0.474,0.526,4.316,1.293,0.501,1.433,1.264,1.219,0.946,4.316,0.411,Visual,5.223,19,1.0
MATERIAL,1.0,0.842,3.947,0.842,1.105,3.947,1.7,1.642,1.58,1.675,1.761,1.649,3.947,0.266,Visual,5.021,19,1.0
BATHING,2.105,0.263,3.947,1.842,1.316,3.947,1.997,1.147,1.615,2.089,1.765,1.58,3.947,0.275,Visual,5.203,19,1.0
GRASP,1.158,0.0,3.947,1.421,0.0,2.368,1.537,0.0,1.615,1.835,0.0,1.921,3.947,0.444,Haptic,4.295,19,1.0
PACKAGE,0.474,0.0,3.947,0.158,0.474,4.316,0.964,0.0,1.508,0.501,0.905,1.057,4.316,0.461,Visual,5.218,19,1.0
GENITALIA,0.842,1.421,3.947,2.158,1.737,4.158,1.772,1.774,1.433,2.062,1.821,1.302,4.158,0.232,Visual,5.338,19,1.0
SEATBELT,1.0,0.053,3.947,0.421,0.105,3.579,1.374,0.229,0.911,1.261,0.459,1.539,3.947,0.428,Haptic,4.768,19,1.0
BROOM HANDLE,0.316,0.0,3.947,0.263,0.0,4.263,0.749,0.0,1.471,0.806,0.0,1.195,4.263,0.485,Visual,5.181,19,1.0
PUSHING,0.526,0.158,3.947,1.789,0.158,3.474,0.905,0.688,1.353,1.932,0.688,1.504,3.947,0.377,Haptic,4.781,19,1.0
YARN,0.324,0.027,3.946,0.027,0.27,4.243,0.852,0.164,1.545,0.164,0.838,1.321,4.243,0.477,Visual,5.166,37,1.0
ME,3.973,2.189,3.946,4.108,3.054,4.108,1.518,2.283,1.393,1.542,1.943,1.468,4.108,0.09,Visual,6.708,37,1.0
WARMING,0.389,0.528,3.944,3.333,0.639,1.222,0.934,1.134,1.453,1.639,1.222,1.623,3.944,0.354,Haptic,4.652,36,0.973
CLITORIS,0.333,1.278,3.944,1.222,1.056,3.056,1.188,1.994,1.626,1.927,2.043,1.893,3.944,0.332,Haptic,4.563,18,1.0
PUSH,0.5,0.0,3.944,1.389,0.0,2.833,1.295,0.0,1.259,1.461,0.0,1.79,3.944,0.455,Haptic,4.43,18,1.0
FUZZILY,0.5,0.278,3.944,0.722,0.056,2.944,1.098,0.958,1.731,1.074,0.236,1.955,3.944,0.461,Haptic,4.438,18,1.0
WOOLINESS,0.056,0.0,3.944,0.222,0.333,3.278,0.236,0.0,1.552,0.943,0.84,1.776,3.944,0.504,Haptic,4.589,18,0.947
NAILFILE,1.778,0.0,3.944,0.278,0.278,3.833,1.517,0.0,1.349,0.669,0.752,1.618,3.944,0.39,Haptic,4.978,18,1.0
MOISTURE,0.5,1.278,3.944,1.556,0.944,3.556,1.295,1.994,1.765,2.148,1.434,1.822,3.944,0.292,Haptic,4.837,18,1.0
HANDFUL,0.889,0.333,3.944,0.833,0.278,3.444,1.53,1.188,1.259,1.465,1.179,1.294,3.944,0.377,Haptic,4.696,18,1.0
SPLINTER,0.4,0.143,3.943,1.514,0.143,3.543,1.063,0.845,1.413,2.035,0.845,1.755,3.943,0.392,Haptic,4.781,35,0.972
BEDSPREAD,0.235,0.0,3.941,0.647,0.529,4.353,0.562,0.0,1.345,1.32,1.068,1.057,4.353,0.448,Visual,5.243,17,1.0
BEACH BALL,1.118,0.235,3.941,0.471,0.176,4.647,1.269,0.664,1.298,1.125,0.529,0.493,4.647,0.422,Visual,5.464,17,1.0
KEYPAD,2.118,0.0,3.941,0.235,0.353,4.0,1.996,0.0,1.6,0.752,1.057,1.62,4.0,0.376,Visual,5.127,17,1.0
ARM,0.182,0.091,3.939,2.545,0.121,3.818,0.528,0.292,1.6,2.063,0.415,1.776,3.939,0.36,Haptic,5.108,33,1.0
SWIMMINGPOOL,2.188,1.062,3.938,1.875,2.312,4.812,1.682,1.124,1.389,2.306,1.74,0.403,4.812,0.232,Visual,5.878,16,1.0
SOAKING,0.188,0.5,3.938,1.75,0.25,2.438,0.544,0.816,1.181,1.844,0.577,1.672,3.938,0.414,Haptic,4.327,16,1.0
COTTON WOOL,0.375,0.125,3.938,0.438,0.438,3.0,1.025,0.5,1.389,1.315,0.629,1.897,3.938,0.459,Haptic,4.452,16,1.0
DAMP,0.375,0.188,3.938,0.75,1.312,2.75,0.619,0.403,1.124,1.125,1.302,1.528,3.938,0.403,Haptic,4.39,16,1.0
CRUMBLINESS,0.75,1.0,3.938,0.438,0.312,3.375,1.238,1.414,0.854,1.094,0.793,1.668,3.938,0.369,Haptic,4.657,16,1.0
SILK,1.312,0.312,3.938,0.812,0.5,3.875,1.778,1.25,1.652,1.759,1.414,1.31,3.938,0.337,Haptic,4.962,16,1.0
NOTEBOOK,0.5,0.0,3.938,0.0,0.188,4.188,1.211,0.0,1.436,0.0,0.544,1.276,4.188,0.475,Visual,5.125,16,1.0
MASSEUSE,0.875,0.0,3.938,2.25,0.312,3.25,1.544,0.0,1.611,2.113,0.602,2.206,3.938,0.371,Haptic,4.754,16,1.0
TOOL,1.968,0.0,3.935,0.226,0.387,3.839,1.722,0.0,1.59,0.956,0.955,1.734,3.935,0.38,Haptic,5.003,31,0.969
FROZE,0.533,1.067,3.933,1.8,0.267,4.0,1.125,1.668,1.534,1.74,0.799,1.414,4.0,0.322,Visual,5.093,15,1.0
PAPERY,1.154,0.077,3.923,0.0,0.385,3.538,1.281,0.277,1.498,0.0,1.387,1.664,3.923,0.432,Haptic,4.737,13,0.867
BUMP,1.346,0.154,3.923,1.846,0.192,2.423,1.573,0.613,1.468,1.891,0.634,1.901,3.923,0.381,Haptic,4.368,26,1.0
SNUGLY,0.615,0.154,3.923,2.385,0.923,2.308,1.446,0.555,1.801,1.557,1.891,2.016,3.923,0.366,Haptic,4.435,13,0.867
SCRATCHY,1.364,0.136,3.909,2.273,0.091,1.909,1.465,0.351,1.571,1.98,0.426,1.9,3.909,0.394,Haptic,4.326,22,1.0
SCAB,0.05,0.0,3.9,1.0,0.2,4.05,0.224,0.0,1.683,1.654,0.696,1.605,4.05,0.44,Visual,5.023,20,1.0
LATHER,0.4,0.05,3.9,0.25,0.55,3.2,1.142,0.224,1.294,0.786,1.234,1.936,3.9,0.461,Haptic,4.52,20,1.0
RAYON,0.4,0.0,3.9,0.1,0.4,2.7,0.966,0.0,1.101,0.316,0.516,2.003,3.9,0.52,Haptic,4.293,10,0.556
ICICLE,0.675,1.15,3.9,0.85,0.225,4.125,1.269,1.594,1.374,1.61,0.862,1.471,4.125,0.357,Visual,5.091,40,0.976
TERRYCLOTH,0.05,0.0,3.9,0.1,0.5,4.15,0.224,0.0,1.586,0.308,1.192,1.089,4.15,0.477,Visual,5.078,20,0.909
DRY,0.7,1.8,3.9,1.4,0.45,3.25,1.081,1.704,1.619,1.818,0.826,1.65,3.9,0.3,Haptic,4.682,20,1.0
CLOTHING,0.263,0.0,3.895,0.526,1.105,4.053,0.562,0.0,1.41,0.905,1.792,1.177,4.053,0.412,Visual,5.029,19,1.0
NYLON,0.526,0.105,3.895,0.158,0.368,4.158,0.841,0.459,1.823,0.375,0.831,1.214,4.158,0.44,Visual,5.081,19,1.0
SAND,0.421,0.263,3.895,0.105,0.263,3.579,0.838,0.733,1.595,0.315,0.733,1.502,3.895,0.444,Haptic,4.718,19,1.0
ARMLOAD,0.368,0.263,3.895,0.474,0.211,3.421,1.165,0.806,1.487,0.905,0.713,1.924,3.895,0.427,Haptic,4.631,19,1.0
BODY,2.105,0.789,3.895,2.526,2.368,4.316,2.025,1.653,1.792,2.366,1.95,1.455,4.316,0.22,Visual,5.633,19,1.0
EXFOLIATION,0.211,0.263,3.895,1.211,0.211,2.368,0.535,1.147,1.329,1.686,0.918,1.892,3.895,0.452,Haptic,4.202,19,0.95
CUSHIONED,0.105,0.0,3.895,0.263,0.0,3.211,0.315,0.0,1.56,0.733,0.0,1.96,3.895,0.521,Haptic,4.517,19,1.0
ICE CUBE,0.474,2.632,3.895,0.789,0.263,4.053,1.02,1.802,1.37,1.475,0.733,1.177,4.053,0.313,Visual,5.247,19,1.0
SCULPT,0.684,0.474,3.895,0.474,0.368,3.316,1.455,1.307,1.883,1.219,1.212,1.827,3.895,0.383,Haptic,4.581,19,0.905
SNAKESKIN,0.316,0.158,3.895,0.263,0.316,4.368,0.671,0.501,1.1,0.653,0.671,1.116,4.368,0.452,Visual,5.224,19,1.0
TIGHTNESS,0.895,0.263,3.895,2.474,0.263,3.421,1.729,1.147,1.37,2.091,1.147,1.835,3.895,0.324,Haptic,4.863,19,1.0
PLAY DOUGH,0.316,0.474,3.895,0.368,2.263,3.895,1.157,1.172,1.823,1.165,1.79,1.729,3.895,0.319,Haptic,5.065,19,1.0
WARMER,0.278,0.167,3.889,3.056,0.222,1.111,0.752,0.707,1.605,2.182,0.548,1.844,3.889,0.427,Haptic,4.461,18,1.0
BEESTINGS,0.667,0.0,3.889,3.167,0.056,3.0,1.237,0.0,1.451,1.948,0.236,1.782,3.889,0.361,Haptic,4.903,18,0.9
CLUTCH,1.0,0.333,3.889,0.889,0.222,3.444,1.237,1.029,1.231,1.323,0.548,1.542,3.889,0.375,Haptic,4.664,18,1.0
TONGS,0.667,0.0,3.889,0.167,0.167,3.5,1.188,0.0,1.779,0.707,0.707,1.948,3.889,0.464,Haptic,4.672,18,1.0
LUMP,0.111,0.167,3.889,1.556,0.0,3.889,0.471,0.514,1.451,1.504,0.0,1.132,3.889,0.405,Haptic,4.951,18,1.0
STRETCHY,0.278,0.111,3.889,0.389,0.056,3.333,0.575,0.471,1.183,0.916,0.236,1.534,3.889,0.476,Haptic,4.578,18,0.947
CHOPSTICK,1.0,0.556,3.889,0.556,0.389,3.722,1.414,0.922,1.568,1.199,1.037,1.274,3.889,0.346,Haptic,4.817,18,1.0
LUMPY,0.0,0.611,3.889,0.5,0.0,3.5,0.0,1.195,1.231,1.043,0.0,1.79,3.889,0.458,Haptic,4.673,18,1.0
MUSLIN,0.833,0.333,3.889,0.278,0.667,3.611,1.383,1.188,1.278,0.958,1.188,1.539,3.889,0.376,Haptic,4.745,18,0.514
SCARF,0.116,0.07,3.884,0.488,0.326,3.488,0.544,0.338,1.651,1.183,0.68,1.844,3.884,0.456,Haptic,4.66,43,1.0
SNOWBALL,0.765,0.647,3.882,0.529,0.118,4.412,1.437,1.057,1.409,1.231,0.332,1.176,4.412,0.415,Visual,5.257,17,1.0
HEADSCARF,0.059,0.0,3.882,0.412,0.235,4.294,0.243,0.0,1.495,1.278,0.562,0.92,4.294,0.483,Visual,5.165,17,1.0
PINCH,0.471,0.353,3.882,2.588,0.176,2.588,1.281,0.702,1.691,2.152,0.529,1.77,3.882,0.368,Haptic,4.536,17,1.0
PIMPLE,0.176,0.0,3.882,0.706,0.0,4.412,0.529,0.0,1.495,1.49,0.0,1.176,4.412,0.481,Visual,5.25,17,1.0
GRASPABLE,0.176,0.118,3.882,0.294,0.118,1.941,0.529,0.485,1.495,0.772,0.485,1.919,3.882,0.577,Haptic,4.039,17,0.895
FIREWOOD,1.529,0.176,3.882,0.588,2.765,4.765,2.125,0.728,1.799,1.228,2.278,0.664,4.765,0.335,Visual,5.765,17,1.0
CHOPPING,2.824,0.059,3.882,0.588,0.529,4.118,1.741,0.243,1.054,1.326,0.943,1.054,4.118,0.338,Visual,5.327,17,1.0
CLAMMY,0.0,0.471,3.882,1.529,0.353,2.059,0.0,1.179,1.691,1.772,0.786,1.676,3.882,0.468,Haptic,4.14,17,0.944
MOISTNESS,0.529,2.118,3.882,1.118,0.824,2.471,1.281,1.728,1.691,1.616,1.59,1.419,3.882,0.306,Haptic,4.4,17,1.0
JACKET,0.941,0.0,3.882,0.941,0.176,4.118,1.519,0.0,1.576,1.56,0.393,0.993,4.118,0.409,Visual,5.066,17,1.0
FLIMSILY,1.529,0.706,3.882,1.529,0.529,3.235,1.841,1.404,1.269,1.908,1.179,1.786,3.882,0.294,Haptic,4.642,17,1.0
SHOELACE,0.235,0.059,3.882,0.059,0.118,4.529,0.664,0.243,1.409,0.243,0.485,0.8,4.529,0.503,Visual,5.33,17,1.0
WIPE,0.824,0.059,3.882,0.588,0.353,3.176,1.334,0.243,1.219,1.228,0.996,1.59,3.882,0.43,Haptic,4.504,17,1.0
SNUGGLE,0.294,0.0,3.882,1.235,0.118,1.824,0.686,0.0,1.799,1.821,0.332,1.59,3.882,0.528,Haptic,4.051,17,1.0
GROPING,0.588,0.059,3.882,2.588,0.059,3.412,0.795,0.243,1.728,1.839,0.243,2.002,3.882,0.361,Haptic,4.874,17,0.944
CLOTHESLINE,0.412,0.059,3.882,0.882,0.412,3.765,0.87,0.243,1.764,1.691,1.064,1.678,3.882,0.406,Haptic,4.83,17,0.944
GROPE,0.588,0.059,3.882,1.353,0.059,2.882,1.278,0.243,1.833,2.029,0.243,1.833,3.882,0.433,Haptic,4.399,17,1.0
NECKBAND,0.118,0.0,3.882,0.941,0.0,2.824,0.332,0.0,1.166,1.784,0.0,2.069,3.882,0.5,Haptic,4.342,17,0.895
SQUISHIER,1.812,0.688,3.875,0.938,0.438,2.25,1.905,1.014,1.857,1.769,1.094,1.915,3.875,0.344,Haptic,4.25,16,0.941
UNDERWEAR,0.188,0.0,3.875,0.312,1.25,4.562,0.403,0.0,1.5,0.602,1.39,0.814,4.562,0.448,Visual,5.373,16,1.0
SHARPER,0.812,0.188,3.875,0.188,0.125,2.75,1.223,0.403,1.36,0.75,0.342,1.528,3.875,0.472,Haptic,4.3,16,1.0
VACUUM CLEANER,4.438,0.0,3.875,0.375,0.688,4.125,1.031,0.0,1.455,1.025,1.401,1.147,4.438,0.329,Auditory,6.001,16,1.0
BUTTON,0.375,0.0,3.875,0.0,0.0,3.75,1.025,0.0,1.544,0.0,0.0,1.612,3.875,0.484,Haptic,4.806,16,1.0
STICKY,0.312,0.375,3.875,0.188,0.0,2.0,0.793,0.885,1.586,0.75,0.0,1.549,3.875,0.574,Haptic,4.047,16,1.0
RAINFALL,3.938,0.875,3.875,0.75,2.312,4.625,1.34,1.31,1.544,1.571,1.778,0.719,4.625,0.237,Visual,6.141,16,1.0
FLUFF,0.419,0.097,3.871,0.258,0.0,3.065,1.089,0.396,1.455,1.032,0.0,1.879,3.871,0.502,Haptic,4.429,31,0.969
GROCERY BAG,1.522,0.0,3.87,0.043,0.13,4.478,1.534,0.0,1.254,0.209,0.458,0.846,4.478,0.446,Visual,5.328,23,1.0
RIDGED,1.133,0.8,3.867,1.0,0.533,3.733,1.642,1.521,1.506,1.558,1.457,1.58,3.867,0.301,Haptic,4.834,15,0.882
CONTACT,2.0,0.2,3.867,1.933,0.4,2.667,1.813,0.561,1.685,2.154,0.632,1.759,3.867,0.331,Haptic,4.516,15,1.0
SCAR,0.279,0.233,3.86,1.349,0.209,3.907,0.959,0.895,1.338,1.811,0.804,1.493,3.907,0.376,Visual,4.928,43,1.0
ELBOW,0.25,0.143,3.857,1.0,0.286,3.821,0.645,0.591,1.557,1.656,0.713,1.467,3.857,0.397,Haptic,4.852,28,1.0
WORKTOP,1.143,0.286,3.857,0.429,0.643,4.214,1.562,0.825,1.46,0.938,1.499,0.975,4.214,0.372,Visual,5.118,14,0.824
UNCLASP,1.667,0.286,3.857,0.571,0.333,3.238,1.683,0.902,1.459,1.207,0.913,1.895,3.857,0.359,Haptic,4.582,21,1.0
FLOOR,1.0,0.0,3.857,0.524,0.238,4.19,1.517,0.0,1.108,1.209,0.768,0.981,4.19,0.427,Visual,5.093,21,1.0
SMOOCHES,2.3,1.3,3.85,1.6,0.2,3.45,1.895,1.593,1.461,1.903,0.523,1.638,3.85,0.287,Haptic,4.885,20,1.0
CHRISTMAS GIFT,2.0,1.05,3.85,1.8,1.05,4.25,1.747,1.605,1.531,1.936,1.638,1.372,4.25,0.229,Visual,5.313,20,1.0
PISTOL GRIP,0.3,0.15,3.85,0.4,0.15,2.6,0.923,0.671,1.565,1.188,0.489,2.01,3.85,0.497,Haptic,4.212,20,0.952
PAPER CUP,0.65,1.0,3.85,0.4,0.7,4.1,1.565,1.864,1.755,1.273,1.559,1.518,4.1,0.346,Visual,5.035,20,1.0
GROUND,0.632,0.368,3.842,0.579,1.263,4.211,1.342,0.684,1.675,1.575,1.327,1.182,4.211,0.353,Visual,5.116,19,1.0
LIGHT SWITCH,1.368,0.158,3.842,0.368,0.263,4.211,1.64,0.688,1.5,1.212,1.147,1.273,4.211,0.397,Visual,5.117,19,1.0
OINTMENT,0.053,0.368,3.842,0.737,2.737,3.579,0.229,1.165,1.302,1.147,1.593,1.71,3.842,0.335,Haptic,4.98,19,1.0
BED LINEN,0.842,0.211,3.842,0.684,1.211,3.895,1.537,0.918,1.642,1.376,1.584,1.15,3.895,0.345,Visual,4.912,19,1.0
FLIMSY,0.737,0.0,3.842,0.368,0.0,3.105,1.284,0.0,1.608,0.955,0.0,1.595,3.842,0.477,Haptic,4.433,19,1.0
PUNCHING BAG,1.211,0.0,3.842,0.789,0.0,3.842,1.873,0.0,1.675,1.653,0.0,1.5,3.842,0.397,Haptic,4.873,19,1.0
BRITTLENESS,1.632,0.368,3.842,0.842,0.0,3.211,1.535,0.831,1.642,1.5,0.0,1.653,3.842,0.388,Haptic,4.56,19,1.0
PRICK,1.105,0.0,3.842,2.474,0.0,3.105,1.853,0.0,1.425,1.982,0.0,1.696,3.842,0.365,Haptic,4.69,19,1.0
DILDO,0.789,0.263,3.842,2.526,0.263,3.684,0.976,0.562,1.74,2.27,0.562,1.827,3.842,0.315,Haptic,4.978,19,1.0
FOUNTAIN PEN,0.421,0.211,3.842,0.158,0.158,4.421,0.838,0.631,1.573,0.688,0.501,1.017,4.421,0.463,Visual,5.232,19,1.0
SWORD,1.056,0.0,3.833,0.111,0.0,4.667,1.589,0.0,1.724,0.471,0.0,0.686,4.667,0.483,Visual,5.419,18,1.0
CRUSTY,0.833,2.056,3.833,0.389,0.278,3.278,1.339,1.924,1.505,0.979,0.752,1.364,3.833,0.333,Haptic,4.655,18,1.0
CRUMPLED,1.056,0.111,3.833,0.389,0.333,4.222,1.514,0.323,1.425,0.979,1.188,1.263,4.222,0.413,Visual,5.103,18,1.0
SCALPEL,0.278,0.056,3.833,0.611,0.0,4.222,0.575,0.236,1.543,1.145,0.0,1.478,4.222,0.469,Visual,5.09,18,1.0
WAX PAPER,1.222,0.444,3.833,0.333,0.167,3.722,1.592,1.338,1.425,0.97,0.514,1.638,3.833,0.377,Haptic,4.789,18,1.0
DISHCLOTH,0.333,0.0,3.833,0.278,0.833,4.111,0.767,0.0,1.425,0.575,1.339,1.451,4.111,0.438,Visual,5.019,18,1.0
COMPUTER,2.722,0.222,3.833,0.5,0.167,4.667,1.708,0.732,1.383,0.857,0.514,0.686,4.667,0.372,Visual,5.628,18,0.947
SQUIRT GUN,1.0,0.278,3.833,0.333,0.278,4.222,1.237,0.669,1.618,0.686,0.669,1.114,4.222,0.397,Visual,5.1,18,1.0
FRAGILE,0.833,0.056,3.833,0.333,0.222,3.667,1.383,0.236,1.339,1.029,0.943,1.572,3.833,0.422,Haptic,4.736,18,1.0
SPIKINESS,0.278,0.222,3.833,0.389,0.222,2.889,0.958,0.732,1.724,1.037,0.943,1.811,3.833,0.461,Haptic,4.319,18,0.818
JUMP ROPE,1.944,0.056,3.833,1.889,0.5,4.278,1.83,0.236,1.823,1.967,1.339,1.074,4.278,0.338,Visual,5.299,18,1.0
CHEESEBURGER,0.111,4.722,3.833,1.167,4.111,4.056,0.323,1.179,1.425,2.007,1.568,1.697,4.722,0.256,Gustatory,6.69,18,1.0
LEATHERY,0.611,0.333,3.833,0.111,1.556,3.444,1.614,0.84,1.581,0.471,1.688,1.917,3.833,0.376,Haptic,4.66,18,0.947
HANDLEBAR,0.5,0.278,3.833,0.444,0.278,3.778,1.295,1.179,1.757,1.338,1.179,1.396,3.833,0.39,Haptic,4.799,18,1.0
KISS,1.611,2.167,3.833,2.389,0.333,3.722,1.29,2.093,1.689,2.09,0.84,1.487,3.833,0.249,Haptic,5.142,18,1.0
ICINESS,0.611,0.778,3.833,1.722,0.333,3.556,1.243,1.437,1.618,1.873,0.97,1.688,3.833,0.323,Haptic,4.749,18,0.947
ROLLING PIN,0.944,0.167,3.833,0.389,0.278,3.222,1.514,0.707,1.618,1.037,0.958,1.665,3.833,0.415,Haptic,4.493,18,1.0
LIGHT TOUCH,0.444,0.056,3.833,1.556,0.056,1.556,1.199,0.236,1.79,1.58,0.236,1.79,3.833,0.504,Haptic,3.999,18,1.0
SUITCASE,0.722,0.278,3.833,0.389,0.389,4.444,1.487,1.179,1.581,1.243,1.243,1.247,4.444,0.414,Visual,5.249,18,1.0
SKI POLE,0.265,0.088,3.824,0.088,0.029,3.941,0.618,0.514,1.783,0.379,0.171,1.774,3.941,0.475,Visual,4.893,34,1.0
BUTTOCKS,0.647,0.471,3.824,0.882,1.176,4.471,1.272,1.231,1.551,1.536,1.425,1.007,4.471,0.349,Visual,5.289,17,1.0
HANDS ON,1.353,0.294,3.824,1.353,0.706,3.471,1.579,0.849,1.629,1.618,1.404,1.7,3.824,0.321,Haptic,4.688,17,0.944
ROLLINGPIN,0.588,0.118,3.824,0.0,0.118,4.706,0.939,0.485,1.629,0.0,0.485,0.772,4.706,0.503,Visual,5.432,17,1.0
DOG,4.118,0.588,3.824,0.647,2.824,4.588,1.269,1.176,1.51,1.32,1.912,0.87,4.588,0.241,Visual,6.26,17,1.0
PINPRICK,0.059,0.0,3.824,1.706,0.0,2.353,0.243,0.0,1.776,1.896,0.0,1.801,3.824,0.481,Haptic,4.196,17,0.944
KNITTING NEEDLE,0.353,0.0,3.824,0.0,0.0,4.118,1.222,0.0,1.879,0.0,0.0,1.576,4.118,0.496,Visual,5.01,17,1.0
SURFACE,0.235,0.294,3.824,0.059,0.412,3.647,0.562,0.772,1.667,0.243,1.228,1.498,3.824,0.444,Haptic,4.71,17,0.944
DRENCH,0.765,0.176,3.824,0.824,0.235,4.529,1.437,0.393,1.741,1.334,0.437,0.717,4.529,0.42,Visual,5.311,17,1.0
DENTAL FLOSS,0.625,1.812,3.812,1.125,0.375,3.688,1.31,1.797,1.471,1.5,0.619,1.957,3.812,0.301,Haptic,4.838,16,1.0
DOUBLECLICK,3.438,0.375,3.812,0.5,0.438,2.625,1.504,1.025,1.515,1.155,0.964,2.062,3.812,0.307,Haptic,4.854,16,0.941
DRENCHING,1.5,0.312,3.812,0.562,0.312,3.5,1.789,1.25,1.721,1.548,1.25,1.789,3.812,0.35,Haptic,4.671,16,0.941
NUDGE,0.594,0.0,3.812,1.406,0.031,2.062,1.292,0.0,1.693,1.624,0.177,1.795,3.812,0.482,Haptic,4.065,32,0.97
PELLET,0.438,0.125,3.812,0.062,0.562,4.062,1.094,0.342,1.721,0.25,1.094,1.611,4.062,0.441,Visual,4.969,16,0.889
NAPKIN,0.438,0.188,3.812,0.062,0.375,4.375,0.512,0.544,1.047,0.25,0.619,1.025,4.375,0.466,Visual,5.184,16,1.0
SQUASHY,1.438,0.5,3.812,0.562,0.188,1.812,1.459,1.033,1.515,1.094,0.403,1.471,3.812,0.436,Haptic,4.013,16,0.762
UNDERSHIRT,0.189,0.054,3.811,0.514,0.811,4.189,0.701,0.329,1.431,1.096,1.266,1.266,4.189,0.432,Visual,5.06,37,1.0
LIFTING,0.952,0.238,3.81,3.19,0.286,3.714,1.532,0.7,1.504,1.806,0.717,1.454,3.81,0.293,Haptic,5.191,21,1.0
WATER FAUCET,2.905,0.619,3.81,0.143,0.238,4.762,1.841,1.203,1.632,0.359,0.768,0.436,4.762,0.37,Visual,5.729,21,1.0
PUTTY,0.55,0.45,3.8,0.7,1.65,3.5,1.234,1.191,1.508,1.38,1.785,1.433,3.8,0.315,Haptic,4.685,20,1.0
PINCHING,0.65,0.1,3.8,2.6,0.1,2.75,1.226,0.308,1.881,2.01,0.447,1.86,3.8,0.37,Haptic,4.539,20,1.0
WATERY,1.667,3.2,3.8,1.8,1.133,3.467,2.059,1.699,1.373,2.111,1.598,1.598,3.8,0.177,Haptic,5.208,15,1.0
BATHMAT,0.5,0.05,3.8,0.3,0.45,4.1,1.1,0.224,1.473,0.657,0.945,1.373,4.1,0.44,Visual,4.987,20,1.0
HOT-WATER BOTTLE,0.25,0.4,3.8,0.65,0.1,3.7,0.786,1.095,1.673,1.309,0.308,1.49,3.8,0.416,Haptic,4.731,20,1.0
FUR,0.55,0.0,3.8,0.3,1.2,3.85,1.395,0.0,1.673,0.923,1.609,1.496,3.85,0.397,Visual,4.847,20,0.909
COWSKIN,0.05,0.2,3.8,0.05,1.35,3.95,0.224,0.696,1.473,0.224,1.348,1.731,3.95,0.415,Visual,4.918,20,1.0
COTTON,0.25,0.3,3.8,0.25,0.8,3.6,1.118,1.129,1.399,0.639,1.508,1.429,3.8,0.394,Haptic,4.674,20,1.0
TEDDY BEAR,0.842,0.263,3.789,0.316,0.526,3.789,1.864,1.147,1.548,1.157,1.429,1.686,3.789,0.37,Visual,4.786,19,1.0
PADDLEBALL,2.368,0.0,3.789,0.579,0.211,3.737,1.77,0.0,1.512,1.071,0.535,1.628,3.789,0.355,Haptic,4.934,19,0.95
TESTICLE,0.053,0.316,3.789,2.0,0.526,4.368,0.229,1.157,1.475,2.082,1.172,0.955,4.368,0.39,Visual,5.265,19,1.0
SCALDING,0.789,0.421,3.789,1.684,0.526,1.737,1.182,0.902,1.653,1.974,1.073,1.558,3.789,0.376,Haptic,4.024,19,1.0
CARESSER,0.632,0.316,3.789,2.579,0.421,2.684,1.257,0.671,1.903,1.895,0.838,1.857,3.789,0.333,Haptic,4.502,19,1.0
PRESS,1.474,0.263,3.789,1.895,0.316,2.263,1.679,0.933,1.718,1.853,1.003,1.727,3.789,0.353,Haptic,4.237,19,1.0
GARMENT,0.684,0.0,3.789,0.158,0.895,3.895,1.416,0.0,1.718,0.501,1.1,1.37,3.895,0.413,Visual,4.856,19,1.0
COMFORTER,0.474,0.368,3.789,1.158,0.737,3.053,1.264,1.212,1.548,1.834,1.558,1.615,3.789,0.357,Haptic,4.396,19,1.0
JEANS,0.833,0.111,3.778,0.611,0.667,4.333,1.543,0.471,1.353,1.037,1.328,1.237,4.333,0.409,Visual,5.147,18,1.0
YOYO,0.444,0.278,3.778,0.667,0.278,4.056,1.199,1.179,1.665,1.455,1.179,1.349,4.056,0.398,Visual,4.947,18,0.947
BUMPINESS,0.806,0.194,3.778,1.0,0.222,3.028,1.6,0.856,1.775,1.656,0.959,1.812,3.778,0.397,Haptic,4.366,36,1.0
KNEECAP,0.444,0.0,3.778,2.167,0.0,4.056,0.856,0.0,1.629,2.149,0.0,1.392,4.056,0.388,Visual,5.077,18,1.0
COTTONY,0.556,0.833,3.778,0.667,0.778,2.889,1.294,1.689,1.957,1.455,1.555,1.875,3.778,0.339,Haptic,4.301,18,0.857
HAIR,0.5,0.222,3.778,0.278,1.944,4.389,1.2,0.428,1.263,0.575,1.955,0.916,4.389,0.375,Visual,5.265,18,1.0
RAIN DROP,3.667,0.889,3.778,1.0,1.722,4.111,1.188,1.491,1.7,1.455,1.776,1.367,4.111,0.212,Visual,5.641,18,1.0
CONCRETE,0.318,0.0,3.773,0.182,0.727,4.591,0.78,0.0,1.412,0.588,1.386,0.908,4.591,0.479,Visual,5.324,22,1.0
VIBRATION,2.136,0.045,3.773,2.864,0.182,1.682,1.726,0.213,1.631,2.031,0.588,1.961,3.773,0.349,Haptic,4.509,22,1.0
NECKTIE,0.029,0.143,3.771,0.057,0.057,4.343,0.169,0.845,1.477,0.236,0.236,1.259,4.343,0.514,Visual,5.137,35,1.0
EXFOLIATE,0.457,0.0,3.771,0.914,0.343,2.371,1.039,0.0,1.33,1.337,0.906,1.926,3.771,0.48,Haptic,4.079,35,0.946
TEE SHIRT,0.256,0.026,3.769,0.615,0.667,4.0,0.938,0.16,1.662,1.206,1.364,1.318,4.0,0.426,Visual,4.906,39,0.951
BEANIE,0.353,0.059,3.765,0.059,0.294,4.0,1.222,0.243,1.562,0.243,0.772,1.369,4.0,0.462,Visual,4.897,17,0.944
CEREAL BOWL,0.588,0.294,3.765,0.176,0.176,4.765,1.064,0.849,1.437,0.728,0.529,0.437,4.765,0.47,Visual,5.449,17,1.0
UNSHAVEN,0.235,0.0,3.765,0.353,0.118,4.235,0.752,0.0,1.64,0.862,0.485,1.091,4.235,0.486,Visual,5.058,17,1.0
KEYCARD,0.647,0.059,3.765,0.176,0.118,3.824,1.272,0.243,1.562,0.393,0.332,1.629,3.824,0.438,Visual,4.785,17,1.0
PULSE,0.882,0.0,3.765,3.353,0.0,0.765,1.166,0.0,1.715,1.869,0.0,1.437,3.765,0.43,Haptic,4.517,17,1.0
POWDER,0.176,1.706,3.765,0.235,1.882,4.235,0.393,1.795,1.033,0.562,1.654,0.97,4.235,0.338,Visual,5.205,17,1.0
POTHOLDER,0.118,0.0,3.765,0.0,0.0,4.412,0.332,0.0,1.522,0.0,0.0,1.004,4.412,0.532,Visual,5.183,17,1.0
GRASPING,0.353,0.118,3.765,0.941,0.118,2.059,0.862,0.485,1.786,1.638,0.485,1.749,3.765,0.496,Haptic,3.978,17,1.0
HAND LUGGAGE,0.353,0.0,3.765,0.176,0.176,3.765,0.606,0.0,1.786,0.529,0.529,1.751,3.765,0.457,Visual,4.744,17,1.0
VELVET,0.647,0.765,3.765,0.647,0.471,3.588,0.931,1.147,1.821,1.115,0.717,1.622,3.765,0.333,Haptic,4.652,17,1.0
WINDY,3.588,0.235,3.765,1.294,0.294,3.0,1.417,0.752,1.562,1.759,0.772,2.0,3.765,0.29,Haptic,5.05,17,1.0
HAIRLESS,0.294,0.176,3.765,0.706,0.235,4.765,0.772,0.728,1.715,1.213,0.752,0.562,4.765,0.462,Visual,5.451,17,0.944
CAN OPENER,2.19,0.0,3.762,0.143,0.048,3.571,1.692,0.0,1.375,0.655,0.218,1.964,3.762,0.387,Haptic,4.781,21,1.0
SHOWER,2.762,0.19,3.762,1.714,1.143,3.619,1.513,0.512,1.044,1.953,1.424,1.284,3.762,0.271,Haptic,5.043,21,1.0
PLANT,0.537,1.732,3.756,0.659,3.341,4.293,1.325,1.689,1.135,1.371,1.493,1.23,4.293,0.262,Visual,5.594,41,1.0
SEWING,1.5,0.25,3.75,0.812,0.25,3.625,1.592,1.0,1.438,1.377,1.0,1.784,3.75,0.344,Haptic,4.707,16,0.941
BEDCOVER,0.35,0.0,3.75,0.45,0.3,4.05,0.988,0.0,1.773,1.276,0.979,1.605,4.05,0.455,Visual,4.923,20,1.0
ICE PACK,0.15,0.25,3.75,0.75,0.15,3.25,0.489,0.786,1.41,1.41,0.489,1.65,3.75,0.434,Haptic,4.44,20,1.0
HARDWOOD,1.0,0.1,3.75,0.45,0.75,4.25,1.556,0.447,1.743,0.826,1.293,1.209,4.25,0.403,Visual,5.079,20,1.0
TOWELING,0.25,0.0,3.75,0.5,0.125,3.125,0.577,0.0,1.438,0.894,0.342,1.821,3.75,0.484,Haptic,4.369,16,0.889
SALTSHAKER,1.1,0.65,3.75,0.05,0.05,4.35,1.334,1.348,1.682,0.224,0.224,1.348,4.35,0.432,Visual,5.151,20,1.0
HANDWOVEN,0.25,0.0,3.75,0.25,0.0,3.625,1.0,0.0,1.612,0.775,0.0,1.784,3.75,0.476,Haptic,4.648,16,1.0
KITCHENWARE,2.125,0.5,3.75,0.188,0.438,4.312,2.125,0.894,1.693,0.544,0.892,1.25,4.312,0.365,Visual,5.226,16,1.0
LADLE,0.438,0.438,3.75,0.25,0.062,4.375,0.964,1.031,1.949,0.775,0.25,0.957,4.375,0.463,Visual,5.151,16,0.941
HAIRY,0.25,0.25,3.75,0.3,0.2,3.95,0.716,0.639,1.618,1.129,0.523,1.572,3.95,0.431,Visual,4.855,20,1.0
FORNICATION,2.938,1.375,3.75,3.938,1.875,3.438,1.769,1.893,1.612,1.569,1.821,1.825,3.938,0.148,Interoceptive,5.738,16,1.0
CHAIR,0.35,0.0,3.75,0.0,0.0,4.35,0.988,0.0,1.164,0.0,0.0,1.04,4.35,0.515,Visual,5.131,20,1.0
WEDGIE,0.125,0.0,3.75,1.688,0.0,2.812,0.5,0.0,1.732,2.12,0.0,2.344,3.75,0.448,Haptic,4.305,16,0.941
PADDING,0.5,0.0,3.75,0.0,0.062,3.188,0.894,0.0,1.915,0.0,0.25,1.834,3.75,0.5,Haptic,4.401,16,1.0
FISTFUL,0.375,0.062,3.75,0.25,0.188,3.188,0.885,0.25,1.612,0.775,0.544,1.721,3.75,0.472,Haptic,4.4,16,1.0
WHEELBARROW,0.65,0.0,3.75,0.05,0.05,4.3,1.348,0.0,1.803,0.224,0.224,1.559,4.3,0.489,Visual,5.098,20,1.0
SNUG,0.95,0.3,3.75,2.75,0.25,2.8,1.538,0.657,1.682,1.773,0.786,1.673,3.75,0.324,Haptic,4.585,20,1.0
SHOWER GEL,0.312,0.188,3.75,0.125,3.562,3.812,0.793,0.544,2.017,0.342,1.711,1.87,3.812,0.314,Visual,5.353,16,1.0
CARPETING,0.188,0.0,3.75,0.75,0.562,4.312,0.544,0.0,1.693,1.238,1.209,1.302,4.312,0.451,Visual,5.111,16,0.941
FIRM,0.95,0.65,3.75,1.35,0.0,2.7,1.638,1.348,1.743,1.565,0.0,1.922,3.75,0.399,Haptic,4.236,20,0.952
BEDSPRING,1.9,0.0,3.75,0.4,0.0,2.9,1.889,0.0,1.618,0.883,0.0,1.997,3.75,0.419,Haptic,4.38,20,1.0
ICE,1.375,2.625,3.75,1.312,0.125,4.312,1.586,2.062,1.653,1.74,0.342,1.302,4.312,0.31,Visual,5.382,16,1.0
PRICKED,0.8,0.343,3.743,2.286,0.314,2.0,1.368,0.906,1.853,2.122,0.758,1.831,3.743,0.361,Haptic,4.179,35,1.0
METALWARE,0.778,0.148,3.741,0.0,0.074,4.111,1.368,0.456,1.767,0.0,0.267,1.476,4.111,0.464,Visual,4.964,27,0.964
HANDWORK,1.368,0.211,3.737,0.895,0.105,4.105,1.674,0.713,1.593,1.197,0.459,0.937,4.105,0.384,Visual,4.995,19,1.0
WARMTH,0.053,0.579,3.737,3.0,0.105,0.947,0.229,1.261,1.485,1.856,0.315,1.649,3.737,0.438,Haptic,4.313,19,1.0
HUGGER,1.105,0.316,3.737,1.684,0.368,2.842,1.696,1.157,1.759,1.797,0.831,1.74,3.737,0.34,Haptic,4.333,19,1.0
FACECLOTH,0.158,0.211,3.737,0.474,0.368,3.632,0.688,0.918,1.695,0.772,1.165,1.862,3.737,0.417,Haptic,4.645,19,1.0
ENVELOPE,0.368,0.684,3.737,0.211,0.105,4.579,0.955,1.293,1.628,0.713,0.315,0.692,4.579,0.462,Visual,5.296,19,1.0
COMBINATION LOCK,1.737,0.0,3.737,0.316,0.0,4.263,1.447,0.0,1.695,1.003,0.0,1.368,4.263,0.424,Visual,5.129,19,1.0
BRUISE,0.0,0.0,3.737,3.737,0.0,3.947,0.0,0.0,1.996,1.485,0.0,1.508,3.947,0.346,Visual,5.494,19,1.0
PENCIL ERASER,0.474,0.105,3.737,0.053,0.737,4.421,0.905,0.315,1.821,0.229,1.284,1.121,4.421,0.459,Visual,5.181,19,1.0
SQUEEZABLE,1.263,0.421,3.737,0.947,0.368,3.316,1.759,1.305,1.851,1.545,1.212,1.701,3.737,0.335,Haptic,4.508,19,1.0
BAG,1.647,0.147,3.735,0.324,0.441,4.441,1.721,0.857,1.582,0.976,1.05,1.236,4.441,0.4,Visual,5.245,34,1.0
SMACK,2.0,0.0,3.733,1.667,0.0,2.067,1.927,0.0,1.71,2.16,0.0,1.71,3.733,0.394,Haptic,4.189,15,1.0
BASEBALL CAP,0.667,0.333,3.733,0.467,0.4,4.467,1.759,1.291,1.58,1.302,1.298,1.356,4.467,0.411,Visual,5.213,15,1.0
GUMMINESS,0.6,3.533,3.733,1.267,0.667,3.0,1.298,1.598,1.624,1.534,1.397,1.69,3.733,0.245,Haptic,5.009,15,0.882
FLOURLIKE,0.2,2.933,3.733,0.267,1.4,3.933,0.775,1.907,1.387,0.799,1.844,1.486,3.933,0.299,Visual,5.204,15,0.833
CHAPPING,0.4,0.133,3.733,1.8,0.067,3.2,0.91,0.352,1.534,2.007,0.258,1.474,3.733,0.393,Haptic,4.493,15,0.833
COMFORTABLE,1.537,0.927,3.732,4.146,1.098,2.171,1.748,1.587,1.533,1.493,1.625,1.87,4.146,0.237,Interoceptive,5.183,41,1.0
THERMAL,0.297,0.027,3.73,1.703,0.081,1.973,0.812,0.164,1.407,1.869,0.363,1.863,3.73,0.474,Haptic,4.011,37,1.0
TEXTILE,0.303,0.03,3.727,0.273,0.424,3.727,0.637,0.174,1.526,0.761,0.708,1.376,3.727,0.436,Visual,4.698,33,0.971
LAMBSKIN,0.5,0.273,3.727,0.273,1.182,3.364,1.144,1.077,1.695,1.077,1.868,1.649,3.727,0.371,Haptic,4.509,22,1.0
DUCT TAPE,1.167,0.0,3.722,0.111,0.444,3.778,1.15,0.0,1.364,0.471,0.856,1.768,3.778,0.41,Visual,4.75,18,1.0
BROOM,1.5,0.0,3.722,0.056,0.056,4.167,1.79,0.0,1.364,0.236,0.236,1.581,4.167,0.439,Visual,5.03,18,1.0
PROD,0.333,0.0,3.722,0.944,0.0,1.611,1.029,0.0,1.674,1.589,0.0,1.754,3.722,0.563,Haptic,3.84,18,0.857
SANDY,0.389,0.111,3.722,0.389,0.444,3.167,0.698,0.323,1.904,0.916,0.856,1.978,3.722,0.439,Haptic,4.371,18,1.0
MOISTURIZER,0.556,0.167,3.722,0.611,2.444,2.944,0.984,0.383,1.526,1.335,1.58,1.697,3.722,0.34,Haptic,4.516,18,1.0
SCOOPING,1.111,0.111,3.722,0.722,0.0,3.556,1.745,0.471,1.742,1.487,0.0,1.886,3.722,0.404,Haptic,4.615,18,1.0
HAND TOWEL,0.389,0.056,3.722,0.222,1.111,4.111,0.778,0.236,1.526,0.732,1.844,1.132,4.111,0.422,Visual,4.966,18,1.0
PUMPKIN,0.444,3.5,3.722,0.667,2.611,4.333,1.097,1.79,1.638,1.237,1.944,0.907,4.333,0.255,Visual,5.789,18,1.0
MAT,0.056,0.0,3.722,0.0,0.333,4.722,0.236,0.0,1.487,0.0,0.767,0.669,4.722,0.535,Visual,5.394,18,1.0
ABACUS,1.556,0.167,3.722,0.278,0.111,3.944,1.617,0.514,1.406,0.669,0.471,1.305,3.944,0.392,Visual,4.887,18,0.947
BATH TOWEL,0.444,0.111,3.722,0.389,1.0,4.278,0.984,0.471,1.776,0.979,1.414,0.895,4.278,0.419,Visual,5.079,18,1.0
ADHESIVE,0.611,0.056,3.722,0.889,1.333,3.667,1.29,0.236,1.602,1.641,1.572,1.138,3.722,0.357,Haptic,4.705,18,0.947
SYRINGE,0.167,0.167,3.722,1.222,0.056,3.611,0.514,0.707,1.904,1.833,0.236,1.883,3.722,0.41,Haptic,4.649,18,1.0
TICKLED,1.611,0.167,3.722,3.556,0.056,2.611,1.787,0.514,1.526,1.756,0.236,1.883,3.722,0.313,Haptic,4.912,18,1.0
TYPEWRITER,3.611,0.0,3.722,0.556,0.278,4.222,1.378,0.0,1.487,1.199,0.752,0.878,4.222,0.341,Visual,5.584,18,1.0
BUCKLE,1.476,0.0,3.714,0.0,0.0,3.905,1.601,0.0,1.347,0.0,0.0,1.513,3.905,0.429,Visual,4.849,21,1.0
FINGER PAINTING,0.095,0.0,3.714,0.238,0.429,3.667,0.436,0.0,1.678,0.625,0.926,1.623,3.714,0.456,Haptic,4.651,21,1.0
FLIMSINESS,0.476,0.0,3.714,0.476,0.0,3.429,0.981,0.0,1.953,1.365,0.0,1.72,3.714,0.459,Haptic,4.51,21,1.0
FOREPLAY,2.143,1.429,3.714,3.0,0.952,3.19,1.905,1.832,2.004,1.924,1.658,1.662,3.714,0.191,Haptic,4.991,21,0.955
WARM,0.429,1.0,3.714,3.0,0.286,0.762,0.676,1.225,1.617,1.732,0.561,1.3,3.714,0.373,Haptic,4.305,21,1.0
UNHEATED,0.286,1.381,3.714,2.048,0.333,1.762,0.784,1.774,1.848,1.936,0.73,1.758,3.714,0.36,Haptic,4.081,21,1.0
KISSABLE,0.824,2.118,3.706,3.176,0.706,3.412,1.551,1.965,1.611,2.007,1.532,1.698,3.706,0.215,Haptic,5.105,17,1.0
UNDERSHORTS,0.294,0.0,3.706,0.118,0.353,4.706,1.213,0.0,2.024,0.485,0.786,0.588,4.706,0.513,Visual,5.374,17,1.0
FLESHINESS,0.706,0.706,3.706,1.0,0.471,3.882,1.359,1.105,1.404,1.541,1.007,1.691,3.882,0.326,Visual,4.809,17,1.0
PLAYING CARD,0.824,0.0,3.706,0.0,0.0,4.882,1.425,0.0,1.448,0.0,0.0,0.332,4.882,0.519,Visual,5.516,17,1.0
SPATULA,0.529,0.294,3.706,0.294,0.176,4.176,0.943,0.985,1.312,0.849,0.529,1.074,4.176,0.436,Visual,4.986,17,0.944
MUSHINESS,0.765,2.294,3.706,2.0,0.588,2.412,1.678,1.863,1.572,1.904,1.228,1.839,3.706,0.265,Haptic,4.408,17,0.895
STROKING,1.059,0.176,3.706,1.235,0.176,3.235,1.819,0.728,1.961,1.715,0.529,1.786,3.706,0.368,Haptic,4.445,17,1.0
STICKERS,0.529,0.353,3.706,0.353,0.294,4.529,0.943,1.222,1.611,1.057,0.772,0.8,4.529,0.434,Visual,5.242,17,1.0
DRYNESS,0.647,1.235,3.706,1.647,0.294,2.588,1.057,1.437,1.611,1.272,0.588,1.734,3.706,0.337,Haptic,4.215,17,1.0
BURNED,1.235,0.824,3.706,2.529,2.941,3.824,1.522,1.131,1.649,2.294,2.015,1.51,3.824,0.199,Visual,5.323,17,0.944
SUDS,0.765,0.294,3.706,0.235,0.824,4.471,0.97,0.686,1.263,0.562,1.237,1.007,4.471,0.411,Visual,5.208,17,1.0
HAND MIRROR,0.118,0.059,3.706,0.412,0.059,4.529,0.332,0.243,1.795,1.004,0.243,1.281,4.529,0.503,Visual,5.24,17,1.0
MILK CAN,1.294,1.235,3.706,0.529,1.471,4.353,1.993,1.855,1.16,1.375,1.875,0.931,4.353,0.304,Visual,5.202,17,1.0
FOOTSTOOL,0.588,0.412,3.706,0.588,0.412,4.176,1.326,1.176,1.572,1.326,1.176,1.38,4.176,0.381,Visual,4.991,17,1.0
POCKET KNIFE,0.882,0.294,3.706,0.529,0.059,4.471,1.536,0.985,1.724,1.505,0.243,0.943,4.471,0.444,Visual,5.206,17,1.0
SPLASHED,2.75,0.5,3.7,1.1,0.35,3.25,1.916,1.192,1.593,1.744,0.745,1.682,3.7,0.288,Haptic,4.752,20,1.0
ALOE VERA,0.2,1.35,3.7,0.35,3.0,3.95,0.696,1.899,1.658,1.089,1.556,1.538,3.95,0.299,Visual,5.215,20,1.0
PISTOL,3.45,0.1,3.7,0.35,0.85,4.1,1.791,0.447,1.78,0.813,0.988,1.294,4.1,0.319,Visual,5.443,20,1.0
FROST,0.15,0.55,3.7,1.3,0.35,3.6,0.489,1.234,1.72,1.922,1.182,1.818,3.7,0.368,Haptic,4.637,20,1.0
CAR SEAT,0.7,0.1,3.7,0.25,0.45,3.85,1.342,0.308,1.809,0.639,0.945,1.663,3.85,0.414,Visual,4.765,20,1.0
DRINKING GLASS,0.8,1.15,3.7,0.45,0.55,4.4,1.576,2.059,1.689,1.395,1.317,1.142,4.4,0.357,Visual,5.169,20,1.0
LIBRARY CARD,0.35,0.25,3.7,0.35,0.25,4.15,1.137,1.118,1.525,1.182,1.118,1.387,4.15,0.431,Visual,4.963,20,1.0
PAPER BAG,1.9,0.0,3.7,0.05,0.25,4.4,1.744,0.0,1.525,0.224,0.55,1.142,4.4,0.427,Visual,5.226,20,1.0
CLIMBING,0.95,0.0,3.7,2.15,0.2,3.6,1.234,0.0,1.75,1.785,0.523,1.759,3.7,0.349,Haptic,4.764,20,1.0
BARBEDWIRE,0.25,0.15,3.7,1.0,0.0,4.3,0.716,0.671,1.658,1.777,0.0,1.342,4.3,0.457,Visual,5.081,20,0.952
POKING,0.375,0.0,3.688,0.938,0.0,2.625,0.619,0.0,1.815,1.569,0.0,2.029,3.688,0.484,Haptic,4.104,16,1.0
MASSEUR,1.562,0.0,3.688,2.562,0.5,3.188,1.59,0.0,1.957,2.065,0.966,1.682,3.688,0.321,Haptic,4.692,16,0.941
CUSHY,0.438,0.188,3.688,0.875,0.25,2.938,0.814,0.544,1.815,1.628,0.775,1.731,3.688,0.418,Haptic,4.241,16,0.941
WIND,3.062,0.0,3.688,0.25,0.625,1.062,1.611,0.0,1.662,0.775,1.088,1.526,3.688,0.424,Haptic,4.315,16,1.0
HOT TUB,1.438,0.312,3.688,1.688,0.875,4.312,1.788,1.25,1.662,2.12,1.36,1.195,4.312,0.325,Visual,5.178,16,1.0
DIAL,2.688,0.0,3.688,0.312,0.062,2.562,1.922,0.0,1.537,0.704,0.25,1.825,3.688,0.396,Haptic,4.421,16,1.0
CUP,0.688,1.125,3.688,0.312,0.688,4.5,0.946,1.668,1.448,1.014,1.014,0.816,4.5,0.381,Visual,5.234,16,1.0
MICROFIBER,0.0,0.0,3.688,0.438,0.188,4.0,0.0,0.0,2.089,1.315,0.75,1.506,4.0,0.481,Visual,4.852,16,1.0
SENSATORY,3.062,2.875,3.688,3.188,2.688,2.812,2.016,2.094,1.74,1.905,2.243,2.136,3.688,0.055,Haptic,5.611,16,0.889
RESCRUB,1.188,0.25,3.688,0.438,0.688,3.625,1.905,0.775,1.852,1.094,1.352,1.746,3.688,0.348,Haptic,4.64,16,0.889
WETTED,1.438,0.75,3.688,1.375,0.875,3.562,1.632,1.183,1.662,1.784,1.025,1.413,3.688,0.251,Haptic,4.673,16,0.889
SWEAT SUIT,0.062,0.0,3.688,0.562,0.625,3.938,0.25,0.0,1.25,1.413,0.619,1.482,3.938,0.444,Visual,4.815,16,1.0
SHAVING,1.0,0.062,3.688,0.688,0.75,4.0,1.633,0.25,1.74,1.493,1.291,1.751,4.0,0.387,Visual,4.875,16,1.0
PENCIL,0.211,0.158,3.684,0.0,0.842,3.684,0.631,0.375,1.797,0.0,1.5,1.734,3.684,0.429,Haptic,4.651,19,1.0
SLIPPERY,0.632,0.421,3.684,1.211,0.211,2.526,1.116,0.838,1.765,1.751,0.713,2.038,3.684,0.4,Haptic,4.086,19,1.0
ARMREST,0.316,0.053,3.684,0.368,0.053,3.316,0.82,0.229,1.6,0.761,0.229,1.857,3.684,0.466,Haptic,4.423,19,1.0
SPANDEX,0.368,0.053,3.684,1.158,0.053,3.474,0.955,0.229,1.416,1.642,0.229,1.806,3.684,0.413,Haptic,4.539,19,1.0
PACKAGING,1.211,0.105,3.684,0.053,0.368,3.947,1.584,0.459,1.857,0.229,0.831,1.433,3.947,0.416,Visual,4.839,19,1.0
WEARABLE,0.316,0.0,3.684,0.737,0.158,3.789,0.749,0.0,1.734,1.327,0.375,1.398,3.789,0.436,Visual,4.716,19,1.0
BEANBAG,1.579,0.053,3.684,0.105,0.158,4.158,1.121,0.229,1.493,0.315,0.501,1.068,4.158,0.422,Visual,5.011,19,1.0
BEANBAGS,0.895,0.0,3.684,0.316,0.0,4.053,1.15,0.0,1.376,0.671,0.0,1.353,4.053,0.453,Visual,4.895,19,1.0
INTIMATENESS,2.105,0.632,3.684,3.474,1.053,3.053,1.629,1.012,1.565,1.611,1.433,1.682,3.684,0.218,Haptic,5.08,19,1.0
COWHIDE,0.105,0.053,3.684,0.105,1.579,3.632,0.459,0.229,1.25,0.315,1.305,1.571,3.684,0.397,Haptic,4.67,19,0.95
ERASER,0.895,0.211,3.684,0.368,0.526,4.211,1.286,0.918,1.668,0.955,1.02,1.273,4.211,0.404,Visual,5.008,19,1.0
CENT,1.158,0.211,3.684,0.316,0.368,4.368,1.675,0.713,1.765,0.946,0.684,1.012,4.368,0.411,Visual,5.13,19,1.0
CATHETERIZATION,0.226,0.065,3.677,2.871,0.194,2.71,0.669,0.359,1.62,1.996,0.601,2.179,3.677,0.371,Haptic,4.536,31,0.756
SHELL,1.075,0.35,3.675,0.2,0.65,3.95,1.685,0.864,1.542,0.723,1.231,1.632,3.95,0.379,Visual,4.832,40,0.976
SILKEN,0.733,0.533,3.667,0.4,0.0,2.333,1.438,1.457,2.16,1.121,0.0,1.877,3.667,0.478,Haptic,3.971,15,0.938
FINGERED,0.5,0.167,3.667,1.722,0.111,2.444,0.618,0.707,1.91,2.218,0.323,1.79,3.667,0.413,Haptic,4.104,18,1.0
ROPE LADDER,0.444,0.0,3.667,0.444,0.111,3.778,0.984,0.0,1.879,1.097,0.471,1.833,3.778,0.447,Visual,4.693,18,1.0
FOOTGEAR,0.867,0.0,3.667,0.533,0.467,4.0,1.506,0.0,1.633,0.915,0.64,1.558,4.0,0.42,Visual,4.852,15,1.0
BAGEL,0.267,4.733,3.667,1.467,3.333,4.067,0.799,1.033,1.589,1.727,1.718,1.28,4.733,0.255,Gustatory,6.405,15,1.0
HULA HOOP,0.722,0.278,3.667,1.111,0.5,4.278,1.708,1.179,1.645,1.875,1.465,1.32,4.278,0.379,Visual,5.059,18,1.0
MOISTURIZING,0.667,0.556,3.667,1.0,0.722,2.667,1.455,1.617,1.715,1.94,1.487,1.91,3.667,0.335,Haptic,4.123,18,1.0
MONEY,0.667,0.0,3.667,0.5,1.278,4.333,0.97,0.0,1.609,1.043,1.32,1.328,4.333,0.415,Visual,5.107,18,1.0
PRODUCT,1.389,1.667,3.667,0.833,2.0,4.5,1.614,1.879,1.815,1.654,2.0,0.707,4.5,0.261,Visual,5.387,18,1.0
CATCHING,0.933,0.067,3.667,1.067,0.067,2.867,1.163,0.258,1.291,1.624,0.258,1.767,3.667,0.415,Haptic,4.215,15,1.0
HANDBAG,0.222,0.0,3.667,0.278,0.167,4.333,0.548,0.0,1.715,0.958,0.383,0.767,4.333,0.5,Visual,5.075,18,0.947
HANDGUN,3.444,0.0,3.667,0.5,0.556,4.444,1.822,0.0,1.495,1.295,1.042,1.097,4.444,0.352,Visual,5.628,18,1.0
WOOLEN,0.533,0.0,3.667,0.467,0.533,3.8,0.99,0.0,1.496,0.834,1.125,0.941,3.8,0.422,Visual,4.711,15,0.882
STIFF,0.389,0.278,3.667,2.056,0.167,3.667,1.195,0.826,1.609,2.043,0.707,1.283,3.667,0.342,Haptic,4.753,18,1.0
CARDBOARD,1.133,0.533,3.667,0.0,1.2,4.2,1.642,1.356,1.397,0.0,1.424,1.373,4.2,0.391,Visual,5.023,15,1.0
EMBRACEABLE,0.467,0.0,3.667,1.067,0.067,3.133,1.246,0.0,1.676,1.335,0.258,1.356,3.667,0.437,Haptic,4.333,15,0.882
PET,3.048,0.095,3.667,1.0,1.619,3.81,1.83,0.301,1.494,1.304,1.746,1.289,3.81,0.281,Visual,5.169,21,1.0
SOGGY,0.611,1.611,3.667,0.222,0.222,3.611,1.037,1.65,1.749,0.548,0.647,1.754,3.667,0.346,Haptic,4.654,18,1.0
WAISTBAND,0.333,0.0,3.667,0.611,0.0,3.778,0.594,0.0,1.749,1.501,0.0,1.629,3.778,0.45,Visual,4.695,18,1.0
COLDER,0.389,0.556,3.667,3.333,0.056,1.167,1.243,1.097,1.68,1.534,0.236,1.098,3.667,0.394,Haptic,4.451,18,1.0
FORK,0.833,0.722,3.667,0.056,0.167,4.111,1.543,1.179,1.495,0.236,0.383,1.183,4.111,0.424,Visual,4.929,18,1.0
DISH,0.556,0.611,3.667,0.056,0.333,4.0,0.922,1.501,1.414,0.236,1.029,1.414,4.0,0.428,Visual,4.845,18,1.0
POINTY,0.111,0.056,3.667,0.333,0.056,3.278,0.323,0.236,1.782,0.767,0.236,1.841,3.667,0.481,Haptic,4.389,18,1.0
FUZZINESS,0.75,0.2,3.65,0.7,0.1,3.4,1.293,0.894,1.981,1.031,0.447,1.635,3.65,0.403,Haptic,4.46,20,1.0
DISHTOWEL,0.1,0.0,3.65,0.45,0.6,4.35,0.308,0.0,1.785,1.395,0.883,1.268,4.35,0.475,Visual,5.082,20,1.0
CAMERA,1.2,0.15,3.65,0.35,0.2,4.4,1.673,0.489,1.694,1.089,0.696,0.94,4.4,0.427,Visual,5.137,20,1.0
UNSHAVED,0.05,0.25,3.65,0.4,0.2,4.15,0.224,1.118,1.631,1.273,0.696,1.226,4.15,0.471,Visual,4.935,20,1.0
PUSHBUTTON,1.1,0.25,3.65,0.15,0.0,2.95,1.41,1.118,1.785,0.489,0.0,2.038,3.65,0.451,Haptic,4.229,20,0.952
PLATE,1.2,0.25,3.65,0.25,0.25,4.45,1.609,0.716,1.899,0.91,1.118,0.999,4.45,0.418,Visual,5.174,20,1.0
UNDERCLOTHING,0.25,0.05,3.65,1.0,0.5,3.95,0.55,0.224,1.785,1.589,0.889,1.432,3.95,0.415,Visual,4.812,20,1.0
ABRASIVENESS,2.05,0.35,3.65,1.55,0.05,2.0,1.761,0.933,1.899,1.849,0.224,1.892,3.65,0.373,Haptic,4.102,20,0.952
BATHROBE,0.2,0.05,3.65,0.25,0.6,4.15,0.41,0.224,1.725,0.716,1.142,1.496,4.15,0.461,Visual,4.937,20,1.0
GENTLENESS,2.0,0.2,3.65,2.55,0.3,2.45,1.806,0.523,1.954,2.064,0.801,1.877,3.65,0.309,Haptic,4.447,20,1.0
SLAP,2.95,0.0,3.65,1.7,0.0,2.7,1.905,0.0,1.631,2.08,0.0,1.809,3.65,0.332,Haptic,4.624,20,1.0
HAND,0.65,0.15,3.65,0.95,0.3,4.25,1.309,0.671,1.694,1.538,1.129,1.41,4.25,0.412,Visual,5.021,20,1.0
BANK CARD,0.05,0.0,3.65,0.2,0.0,4.35,0.224,0.0,1.565,0.616,0.0,0.988,4.35,0.527,Visual,5.078,20,1.0
TAPEMEASURE,1.15,0.0,3.65,0.05,0.0,4.05,1.755,0.0,1.496,0.224,0.0,1.669,4.05,0.455,Visual,4.885,20,1.0
ERECTION,0.35,0.3,3.65,2.8,0.15,3.85,1.089,0.923,1.843,2.285,0.671,1.872,3.85,0.333,Visual,5.036,20,1.0
ICE PICK,1.059,0.294,3.647,0.529,0.294,3.765,1.784,1.213,1.539,1.505,1.213,1.678,3.765,0.362,Visual,4.691,17,1.0
TAPE MEASURE,1.588,0.353,3.647,0.471,0.471,4.353,1.734,0.996,1.579,1.179,1.179,1.115,4.353,0.368,Visual,5.133,17,1.0
TABLET,2.412,0.118,3.647,0.059,0.059,4.176,2.033,0.485,1.998,0.243,0.243,1.334,4.176,0.393,Visual,5.135,17,1.0
HARDWARE,1.176,0.0,3.647,0.176,0.588,4.118,1.551,0.0,1.455,0.529,1.372,1.453,4.118,0.424,Visual,4.935,17,1.0
SCRUB,1.235,0.118,3.647,1.0,0.176,1.882,1.348,0.332,1.272,1.837,0.529,1.691,3.647,0.438,Haptic,3.872,17,1.0
AMULET,0.588,0.294,3.647,0.353,0.353,4.235,1.326,0.849,1.498,0.786,0.996,1.091,4.235,0.416,Visual,4.997,17,0.895
SPOONING,0.529,0.235,3.647,0.765,0.353,3.529,1.068,0.97,1.998,1.48,1.057,1.546,3.647,0.377,Haptic,4.533,17,1.0
KEY,1.235,0.0,3.647,0.294,0.0,4.294,1.751,0.0,1.766,0.686,0.0,1.404,4.294,0.453,Visual,5.061,17,0.944
LOVER,3.235,0.647,3.647,2.235,1.176,4.118,1.985,1.32,2.029,2.016,1.776,1.616,4.118,0.23,Visual,5.488,17,1.0
TIGHTS,0.353,0.235,3.647,0.882,0.294,4.353,0.862,0.664,1.766,1.691,0.849,0.862,4.353,0.422,Visual,5.089,17,1.0
BRITTLE,1.571,0.5,3.643,0.5,0.214,3.357,1.453,0.76,1.447,0.941,0.579,1.336,3.643,0.35,Haptic,4.487,14,1.0
GARDENING,0.583,0.139,3.639,0.472,2.167,3.833,1.131,0.424,1.624,1.158,1.92,1.521,3.833,0.341,Visual,4.863,36,1.0
ROUGHER,1.0,0.0,3.632,1.368,0.0,3.368,1.333,0.0,1.535,1.862,0.0,1.461,3.632,0.388,Haptic,4.476,19,1.0
METAL,1.474,0.474,3.632,0.316,0.842,4.421,1.541,0.697,1.606,0.946,1.259,1.017,4.421,0.368,Visual,5.171,19,1.0
STUN GUN,2.053,0.0,3.632,2.737,0.263,3.316,1.779,0.0,1.707,2.156,1.147,1.797,3.632,0.303,Haptic,4.842,19,1.0
WASHBOWL,0.368,0.0,3.632,0.053,0.105,3.737,0.955,0.0,1.535,0.229,0.315,1.79,3.737,0.473,Visual,4.644,19,1.0
STIMULI,3.684,2.579,3.632,2.842,2.684,4.0,1.565,2.194,1.77,2.062,2.162,1.528,4.0,0.073,Visual,6.049,19,1.0
SQUISHY,1.526,0.421,3.632,0.368,0.158,1.895,1.712,1.017,1.64,0.831,0.501,1.696,3.632,0.434,Haptic,3.879,19,1.0
CHICKEN BREAST,0.158,4.632,3.632,0.316,3.316,4.053,0.501,0.684,1.707,1.157,1.887,1.433,4.632,0.278,Gustatory,6.302,19,1.0
STURDY,0.579,0.0,3.632,0.947,0.0,4.053,0.961,0.0,1.832,1.682,0.0,1.58,4.053,0.44,Visual,4.87,19,1.0
COMFORTABLENESS,1.421,0.474,3.632,3.947,0.211,3.421,1.644,1.172,1.571,1.545,0.419,1.465,3.947,0.285,Interoceptive,5.342,19,1.0
LAUNDRY,1.263,0.0,3.632,0.053,2.789,4.0,1.821,0.0,1.499,0.229,1.96,1.633,4.0,0.341,Visual,5.138,19,1.0
TENNIS BALL,2.0,0.0,3.632,0.263,0.789,3.842,1.944,0.0,1.802,0.806,1.512,1.537,3.842,0.365,Visual,4.836,19,1.0
BURLAP,0.632,0.0,3.632,0.105,0.526,3.526,1.342,0.0,1.674,0.459,0.772,1.712,3.632,0.431,Haptic,4.517,19,0.95
CAT,3.526,0.263,3.632,0.105,1.579,4.789,1.541,1.147,1.739,0.459,1.539,0.535,4.789,0.337,Visual,5.902,19,1.0
LACE,0.789,0.105,3.632,0.842,0.158,3.842,1.316,0.459,1.64,1.385,0.501,1.385,3.842,0.399,Visual,4.728,19,1.0
TOGGLE SWITCH,1.037,0.074,3.63,0.0,0.0,3.593,1.581,0.385,1.904,0.0,0.0,1.716,3.63,0.436,Haptic,4.568,27,0.964
NEEDLE,0.312,0.312,3.625,1.438,0.188,3.688,0.793,0.704,1.586,1.931,0.544,1.852,3.688,0.366,Visual,4.654,16,1.0
COFFEE MUG,0.438,0.375,3.625,0.312,0.938,4.312,1.263,1.025,1.708,0.873,1.731,1.302,4.312,0.4,Visual,5.051,16,1.0
FLESHY,0.25,0.375,3.625,0.75,0.375,3.75,0.775,0.619,1.586,1.39,0.619,1.39,3.75,0.384,Visual,4.656,16,1.0
WHISKERS,0.125,0.0,3.625,0.062,0.0,4.5,0.342,0.0,1.821,0.25,0.0,0.966,4.5,0.541,Visual,5.177,16,1.0
FISHINGPOLE,0.75,0.0,3.625,0.0,0.125,4.25,0.931,0.0,1.455,0.0,0.5,1.238,4.25,0.486,Visual,4.998,16,1.0
LUBRICATE,0.438,0.5,3.625,1.625,0.75,2.75,0.892,0.966,1.147,1.857,1.125,1.915,3.625,0.329,Haptic,4.186,16,1.0
TINGLE,0.562,1.25,3.625,4.0,0.5,1.25,1.153,1.528,1.544,1.366,1.095,1.732,4.0,0.313,Interoceptive,4.875,16,0.941
WASH UP,1.25,0.062,3.625,1.0,0.438,2.375,1.291,0.25,1.586,1.506,0.892,1.784,3.625,0.407,Haptic,4.001,16,1.0
RAIN,3.375,1.062,3.625,0.5,2.312,4.062,1.31,1.289,1.36,1.211,1.621,1.237,4.062,0.238,Visual,5.505,16,1.0
FEATHERBED,0.541,0.162,3.622,0.892,0.432,3.432,1.095,0.727,1.722,1.68,0.987,1.463,3.622,0.381,Haptic,4.463,37,0.974
SNOW,0.81,1.714,3.619,0.857,0.952,4.095,1.537,2.004,1.987,1.74,1.627,1.758,4.095,0.273,Visual,4.975,21,1.0
TACKLING,1.381,0.0,3.619,2.524,0.0,3.857,1.499,0.0,1.687,1.94,0.0,1.389,3.857,0.339,Visual,4.98,21,1.0
ITCH,0.286,0.0,3.619,4.238,0.048,1.0,0.784,0.0,1.884,1.338,0.218,1.265,4.238,0.461,Interoceptive,4.994,21,1.0
PAPERCLIP,0.167,0.056,3.611,0.0,0.0,4.333,0.514,0.236,1.539,0.0,0.0,1.283,4.333,0.531,Visual,5.046,18,1.0
WARMED,0.222,0.833,3.611,2.444,0.222,1.056,0.943,1.654,1.539,1.854,0.732,1.662,3.611,0.404,Haptic,3.989,18,1.0
SOAPY,1.056,0.667,3.611,0.556,1.444,3.722,1.83,1.609,1.819,1.381,1.653,1.638,3.722,0.286,Visual,4.692,18,1.0
FACE MASK,0.333,0.056,3.611,0.167,0.667,4.5,1.188,0.236,1.72,0.514,1.328,1.15,4.5,0.476,Visual,5.175,18,1.0
CALCULATOR,1.167,0.0,3.611,0.222,0.111,4.556,1.425,0.0,1.65,0.548,0.471,0.705,4.556,0.471,Visual,5.232,18,1.0
TETHERBALL,1.389,0.0,3.611,0.111,0.0,4.0,1.685,0.0,1.819,0.323,0.0,1.782,4.0,0.439,Visual,4.846,18,1.0
SOLIDITY,1.056,0.444,3.611,1.222,0.056,3.222,1.392,1.097,1.685,1.7,0.236,1.592,3.611,0.37,Haptic,4.373,18,0.9
WOMAN,4.0,1.278,3.611,1.5,2.389,4.722,1.237,1.776,1.787,2.229,1.944,0.575,4.722,0.197,Visual,6.175,18,1.0
ICY,0.667,0.944,3.611,0.944,0.056,3.944,1.328,1.392,1.685,1.589,0.236,1.349,3.944,0.383,Visual,4.798,18,1.0
CELLPHONE,4.222,0.056,3.611,0.556,0.167,4.389,1.003,0.236,1.501,1.097,0.383,0.698,4.389,0.333,Visual,5.916,18,1.0
EMBRACE,0.5,0.0,3.611,1.333,0.056,2.444,1.043,0.0,1.754,1.572,0.236,1.688,3.611,0.455,Haptic,4.004,18,1.0
FLANNELS,0.278,0.0,3.611,0.056,0.333,4.389,1.179,0.0,1.72,0.236,1.188,1.037,4.389,0.506,Visual,5.088,18,1.0
FLAT,1.111,0.611,3.611,0.667,0.444,4.0,1.641,1.461,1.335,1.138,1.338,1.237,4.0,0.34,Visual,4.836,18,1.0
WATER GLASS,0.278,0.611,3.611,0.0,0.056,4.444,0.958,1.195,1.754,0.0,0.236,0.984,4.444,0.494,Visual,5.132,18,0.947
PEDICURE,0.5,0.222,3.611,1.056,0.222,3.389,1.098,0.732,2.033,1.589,0.548,1.819,3.611,0.377,Haptic,4.437,18,0.947
GLUED,0.722,0.556,3.611,0.611,1.333,3.778,1.074,1.294,1.42,1.092,1.455,1.437,3.778,0.304,Visual,4.705,18,1.0
CLOTHESBASKET,0.444,0.0,3.611,0.0,0.611,4.389,1.199,0.0,1.72,0.0,1.145,1.29,4.389,0.485,Visual,5.091,18,1.0
LAPTOP,2.333,0.0,3.611,0.444,0.167,4.389,2.029,0.0,1.29,0.984,0.383,1.29,4.389,0.401,Visual,5.247,18,1.0
LOOSEN,0.444,0.0,3.611,0.944,0.0,3.222,0.856,0.0,1.65,1.626,0.0,1.665,3.611,0.439,Haptic,4.335,18,1.0
RAINWATER,3.389,1.667,3.611,0.722,2.056,3.833,1.685,1.715,1.501,1.708,1.83,1.757,3.833,0.204,Visual,5.384,18,1.0
DICE,2.111,0.167,3.611,0.5,0.0,4.556,1.811,0.707,1.577,1.043,0.0,0.705,4.556,0.416,Visual,5.327,18,1.0
LIQUID,2.318,3.068,3.607,1.354,1.566,3.901,1.703,1.825,1.483,1.735,1.729,1.35,3.901,0.161,Visual,5.36,16026,1.0
ANKLE,0.485,0.03,3.606,1.485,0.03,4.091,1.064,0.174,1.435,1.938,0.174,1.308,4.091,0.417,Visual,4.915,33,1.0
POLE,0.1,0.0,3.6,0.15,0.0,4.2,0.308,0.0,1.392,0.671,0.0,1.542,4.2,0.522,Visual,4.943,20,1.0
COLDISH,0.1,0.95,3.6,3.55,0.25,1.35,0.308,1.731,1.93,1.82,0.716,1.348,3.6,0.357,Haptic,4.559,20,1.0
PUBIC HAIR,0.133,0.267,3.6,0.6,0.467,3.867,0.352,0.799,1.765,1.056,1.302,1.457,3.867,0.418,Visual,4.715,15,1.0
KNEE,0.6,0.0,3.6,1.95,0.0,4.25,1.314,0.0,1.501,2.064,0.0,1.251,4.25,0.409,Visual,5.079,20,1.0
RAZOR BLADE,0.45,0.1,3.6,0.6,0.05,4.05,1.146,0.447,1.667,1.314,0.224,1.05,4.05,0.452,Visual,4.84,20,1.0
SOLIDNESS,0.8,0.267,3.6,0.533,0.067,3.267,1.082,0.799,1.765,1.302,0.258,1.28,3.6,0.414,Haptic,4.348,15,0.938
WOODEN,1.1,0.4,3.6,0.0,1.45,3.85,1.683,0.94,1.698,0.0,1.905,1.599,3.85,0.37,Visual,4.765,20,1.0
INDEX FINGER,0.133,0.133,3.6,1.867,0.067,3.933,0.352,0.352,1.957,2.264,0.258,1.792,3.933,0.397,Visual,4.849,15,1.0
SQUEEGEE,2.533,0.0,3.6,0.067,0.267,4.4,1.995,0.0,1.404,0.258,0.799,1.352,4.4,0.405,Visual,5.291,15,0.833
GREASY,0.533,2.733,3.6,0.667,1.333,3.133,1.125,1.792,1.183,1.113,1.397,1.506,3.6,0.256,Haptic,4.652,15,1.0
WINTRY,1.533,0.467,3.6,2.667,1.267,3.933,1.457,0.915,1.549,1.839,1.163,1.486,3.933,0.257,Visual,5.094,15,0.75
ZIPPER,2.4,0.0,3.6,0.4,0.0,4.0,1.698,0.0,1.429,0.94,0.0,1.257,4.0,0.385,Visual,4.994,20,1.0
ROCKLIKE,0.6,0.05,3.6,0.3,0.15,3.7,0.883,0.224,1.273,0.733,0.489,1.418,3.7,0.435,Visual,4.603,20,0.952
TEAR OFF,2.733,0.2,3.6,0.467,0.133,3.4,2.12,0.561,1.502,0.915,0.352,1.92,3.6,0.329,Haptic,4.74,15,1.0
SUBFREEZING,0.45,0.3,3.6,2.95,0.4,3.1,0.826,1.129,1.729,1.905,0.94,1.774,3.6,0.306,Haptic,4.677,20,0.952
AXE,1.0,0.0,3.6,0.05,0.4,4.05,1.487,0.0,1.789,0.224,1.273,1.638,4.05,0.445,Visual,4.851,20,1.0
CHALK,1.364,0.591,3.591,0.273,1.227,4.136,1.62,0.666,1.297,0.767,1.51,0.941,4.136,0.346,Visual,4.955,22,1.0
COMPRESS,1.353,0.176,3.588,2.235,0.0,3.0,1.498,0.529,1.417,1.678,0.0,1.732,3.588,0.347,Haptic,4.429,17,0.944
BARBELL,1.529,0.294,3.588,0.588,0.353,4.059,1.772,1.213,1.938,1.417,1.222,1.6,4.059,0.362,Visual,4.89,17,1.0
SHEET,0.353,0.235,3.588,0.412,0.706,4.471,0.702,0.664,1.661,0.795,1.16,0.624,4.471,0.434,Visual,5.143,17,1.0
HANGNAIL,0.0,0.0,3.588,1.588,0.235,3.588,0.0,0.0,1.805,2.002,0.97,1.839,3.588,0.399,Haptic,4.586,17,1.0
SCRUBBER,1.647,0.059,3.588,0.471,0.412,3.824,1.869,0.243,1.326,1.281,0.712,1.38,3.824,0.376,Visual,4.744,17,0.944
BANDAID,0.353,0.353,3.588,0.471,0.471,3.941,0.786,0.996,1.622,1.068,0.874,1.56,3.941,0.391,Visual,4.758,17,1.0
SHARPEN,2.176,0.059,3.588,0.176,0.059,3.412,1.551,0.243,1.583,0.393,0.243,1.278,3.588,0.373,Haptic,4.583,17,0.944
FRENCH FRIES,1.118,4.706,3.588,1.176,4.118,3.882,1.453,0.985,1.46,1.629,1.364,1.576,4.706,0.193,Gustatory,6.556,17,1.0
TIE,0.647,0.0,3.588,0.059,0.0,4.412,1.656,0.0,1.372,0.243,0.0,1.228,4.412,0.507,Visual,5.096,17,1.0
PATCHWORK QUILT,0.176,0.0,3.588,0.353,0.235,4.824,0.393,0.0,1.698,0.786,0.752,0.393,4.824,0.526,Visual,5.412,17,1.0
FROSTINESS,0.765,0.176,3.588,1.294,0.059,3.235,1.393,0.529,1.698,1.993,0.243,1.888,3.588,0.387,Haptic,4.357,17,0.944
COIN,0.765,0.0,3.588,0.0,0.118,4.529,0.903,0.0,2.002,0.0,0.332,1.179,4.529,0.503,Visual,5.187,17,1.0
SHOULDER BLADE,0.353,0.294,3.588,2.176,0.294,3.706,1.222,1.213,1.661,1.811,1.213,1.532,3.706,0.328,Visual,4.755,17,1.0
SLAPPING,2.647,0.0,3.588,1.412,0.118,3.235,1.73,0.0,1.77,1.906,0.485,1.954,3.588,0.326,Haptic,4.664,17,1.0
JAGGED,0.235,0.235,3.588,0.529,0.118,3.882,0.752,0.97,2.002,1.281,0.485,1.833,3.882,0.438,Visual,4.716,17,0.944
SADDLE,0.824,0.412,3.588,0.529,0.824,3.765,1.425,1.176,1.502,1.231,1.015,1.48,3.765,0.337,Visual,4.655,17,1.0
RAINY,3.706,0.176,3.588,0.706,1.765,4.706,1.312,0.529,1.583,0.92,1.562,0.772,4.706,0.309,Visual,5.917,17,1.0
HYPOTHERMAL,0.647,0.471,3.588,2.824,0.765,1.765,1.115,1.179,1.906,2.038,1.751,1.888,3.588,0.31,Haptic,4.218,17,0.85
DOUGHY,0.0,2.588,3.588,0.0,1.824,3.294,0.0,2.063,1.661,0.0,1.879,1.863,3.588,0.318,Haptic,4.723,17,0.895
FINGERING,0.471,0.353,3.588,1.647,0.471,3.0,1.068,1.222,2.123,1.935,1.375,1.837,3.588,0.34,Haptic,4.271,17,1.0
BLUE JEANS,0.294,0.0,3.588,0.706,0.412,4.765,0.985,0.0,1.622,1.213,0.87,0.562,4.765,0.488,Visual,5.37,17,1.0
GRANITEWARE,0.5,0.5,3.583,0.417,0.583,4.583,1.446,1.446,1.676,1.443,1.443,0.669,4.583,0.41,Visual,5.227,12,0.632
MALLEABILITY,0.667,0.0,3.583,0.417,0.0,2.667,1.371,0.0,1.621,0.996,0.0,1.775,3.583,0.489,Haptic,4.028,12,0.706
ALUMINUM FOIL,2.053,0.158,3.579,0.158,0.211,4.632,1.649,0.501,1.71,0.501,0.535,0.761,4.632,0.415,Visual,5.359,19,1.0
HANDGRIP,0.053,0.0,3.579,0.474,0.0,2.474,0.229,0.0,1.924,1.264,0.0,1.712,3.579,0.544,Haptic,3.938,19,0.95
FOOD,1.579,4.579,3.579,1.368,4.105,4.105,1.644,0.902,1.502,1.892,1.197,1.243,4.579,0.166,Gustatory,6.594,19,1.0
MANHANDLE,1.579,0.526,3.579,1.368,0.526,4.053,1.981,1.577,2.063,1.921,1.577,1.353,4.053,0.303,Visual,4.921,19,1.0
BICEPS,0.263,0.263,3.579,1.474,0.316,4.263,1.147,1.147,1.71,1.806,1.157,1.098,4.263,0.394,Visual,5.021,19,1.0
OVERHEATED,0.632,0.526,3.579,2.737,1.263,2.0,1.012,1.307,1.835,2.104,1.821,2.0,3.579,0.284,Haptic,4.25,19,1.0
HEADREST,0.105,0.0,3.579,0.211,0.105,3.526,0.315,0.0,1.677,0.535,0.315,1.611,3.579,0.476,Haptic,4.476,19,1.0
BED SHEET,0.368,0.0,3.579,0.105,1.053,4.579,0.761,0.0,1.774,0.315,1.649,1.017,4.579,0.473,Visual,5.23,19,1.0
HOT POTATO,0.579,3.579,3.579,1.211,2.053,2.526,1.121,1.924,1.924,1.718,1.715,1.837,3.579,0.222,Haptic,4.911,19,1.0
BABY OIL,0.0,0.0,3.579,0.526,1.895,2.895,0.0,0.0,1.427,1.264,1.449,1.792,3.579,0.402,Haptic,4.255,19,1.0
HOCKEY STICK,1.333,0.242,3.576,0.303,0.303,4.303,1.614,0.83,1.803,0.81,0.984,1.015,4.303,0.404,Visual,5.038,33,1.0
GEL,0.286,0.381,3.571,0.0,0.714,3.524,0.717,1.024,1.568,0.0,1.102,1.401,3.571,0.421,Haptic,4.477,21,1.0
SPONGE,1.048,0.524,3.571,0.81,1.143,3.476,1.596,1.289,1.399,1.365,1.558,1.632,3.571,0.288,Haptic,4.496,21,1.0
QUILL PEN,0.476,0.048,3.571,0.095,0.143,4.286,1.03,0.218,1.63,0.301,0.359,1.309,4.286,0.492,Visual,4.992,21,1.0
SABER,0.714,0.0,3.571,0.143,0.0,4.143,1.326,0.0,1.505,0.535,0.0,1.231,4.143,0.483,Visual,4.891,14,0.824
ROMANCE,3.095,1.286,3.571,4.762,1.476,3.571,1.7,1.875,1.72,0.436,1.806,1.434,4.762,0.196,Interoceptive,6.163,21,1.0
COOL,0.381,0.762,3.571,1.667,0.048,1.19,0.865,0.944,1.434,1.713,0.218,1.537,3.571,0.462,Haptic,3.741,21,1.0
BARBED,0.133,0.033,3.567,0.9,0.0,2.8,0.571,0.183,1.755,1.583,0.0,1.864,3.567,0.48,Haptic,4.083,30,0.909
NECKWEAR,0.125,0.0,3.562,0.0,0.188,4.375,0.342,0.0,1.825,0.0,0.544,1.025,4.375,0.53,Visual,5.052,16,1.0
STURDILY,0.5,0.062,3.562,0.875,0.0,2.75,0.894,0.25,1.315,1.204,0.0,2.113,3.562,0.46,Haptic,4.058,16,0.941
BONINESS,0.25,0.062,3.562,0.812,0.0,3.062,0.683,0.25,1.711,1.515,0.0,1.914,3.562,0.46,Haptic,4.208,16,0.727
UNWRAPPING,2.75,0.062,3.562,0.375,0.125,3.562,1.483,0.25,1.548,0.885,0.5,1.632,3.562,0.335,Visual,4.81,16,1.0
RAZORBLADE,0.438,0.125,3.562,0.75,0.062,3.938,1.209,0.5,1.711,1.732,0.25,1.34,3.938,0.437,Visual,4.744,16,1.0
VASELINE,0.062,0.375,3.562,0.062,1.312,3.438,0.25,0.719,1.365,0.25,1.25,1.711,3.562,0.397,Haptic,4.45,16,0.941
WHISKING,2.562,0.562,3.562,1.062,0.5,4.062,1.825,1.365,1.632,1.34,1.095,1.692,4.062,0.289,Visual,5.073,16,0.889
HOTDOG,0.812,4.625,3.562,1.0,3.75,4.125,1.759,0.719,1.632,1.789,1.571,1.258,4.625,0.213,Gustatory,6.452,16,1.0
POOLTABLE,1.25,0.438,3.562,0.438,0.438,3.938,1.693,1.315,1.825,0.964,1.094,1.731,3.938,0.348,Visual,4.769,16,1.0
WASHCLOTH,0.188,0.0,3.562,0.062,0.125,3.75,0.544,0.0,1.459,0.25,0.342,1.612,3.75,0.488,Visual,4.61,16,1.0
HARDCOVER,0.5,0.222,3.556,0.5,0.611,3.556,1.249,0.732,1.756,0.985,1.378,1.542,3.556,0.373,Haptic,4.488,18,1.0
PENDANT,0.722,0.111,3.556,0.278,0.056,4.611,1.127,0.471,1.688,0.752,0.236,0.698,4.611,0.488,Visual,5.234,18,1.0
POWDERY,0.222,1.222,3.556,0.444,0.556,3.5,0.548,1.396,1.723,1.042,0.784,1.505,3.556,0.351,Haptic,4.48,18,0.947
ICE BUCKET,1.167,0.444,3.556,0.389,0.444,4.056,1.917,0.922,1.688,0.85,1.247,1.514,4.056,0.365,Visual,4.841,18,1.0
DELICATENESS,0.833,0.889,3.556,1.056,0.778,3.333,1.465,1.367,1.653,1.697,1.396,1.782,3.556,0.266,Haptic,4.395,18,1.0
TENDERNESS,2.0,0.556,3.556,2.944,0.222,2.444,2.114,1.247,1.688,1.697,0.548,1.688,3.556,0.284,Haptic,4.535,18,1.0
STONE,0.722,0.389,3.556,0.278,0.056,4.111,1.364,1.195,1.504,0.826,0.236,1.183,4.111,0.445,Visual,4.861,18,1.0
ELBOWED,0.667,0.222,3.556,1.5,0.222,2.278,1.328,0.732,1.504,1.618,0.732,1.742,3.556,0.395,Haptic,3.925,18,0.947
GRAB,0.833,0.056,3.556,0.944,0.111,2.722,1.724,0.236,1.917,1.731,0.323,2.024,3.556,0.426,Haptic,4.052,18,1.0
DOGS,4.056,0.167,3.556,0.611,2.444,4.444,1.11,0.707,1.247,1.29,1.723,0.922,4.444,0.28,Visual,5.984,18,1.0
ITCHING,0.222,0.0,3.556,3.889,0.0,1.278,0.732,0.0,1.79,1.811,0.0,1.809,3.889,0.435,Interoceptive,4.731,18,1.0
BANANA PEEL,0.389,1.0,3.556,0.222,2.444,4.333,0.85,1.455,1.688,0.548,1.58,1.283,4.333,0.344,Visual,5.217,18,1.0
HOTTER,0.278,1.056,3.556,2.722,0.5,1.778,0.669,1.392,1.886,2.052,0.857,1.517,3.556,0.331,Haptic,4.161,18,1.0
PULL OFF,0.778,0.0,3.556,0.833,0.0,2.722,1.437,0.0,1.917,1.505,0.0,1.934,3.556,0.451,Haptic,4.045,18,1.0
ELECTRIC CURRENT,2.0,0.5,3.55,2.65,0.55,2.05,1.864,0.946,1.538,2.033,1.05,2.012,3.55,0.27,Haptic,4.313,20,1.0
ROCK,2.0,0.45,3.55,0.95,0.7,4.1,2.0,1.05,1.905,1.572,1.38,1.586,4.1,0.311,Visual,4.973,20,0.952
CELL PHONE,4.0,0.0,3.55,0.2,0.05,4.0,1.414,0.0,1.572,0.696,0.224,1.747,4.0,0.339,Auditory,5.569,20,1.0
SPRINGY,0.95,0.0,3.55,0.55,0.0,3.1,1.395,0.0,1.761,1.317,0.0,1.917,3.55,0.436,Haptic,4.228,20,1.0
PADDED,0.65,0.1,3.55,0.75,0.1,3.35,1.348,0.447,1.986,1.164,0.308,1.899,3.55,0.406,Haptic,4.363,20,1.0
NAILBRUSH,0.7,0.05,3.55,0.15,0.35,3.75,1.218,0.224,2.012,0.366,0.813,1.41,3.75,0.433,Visual,4.608,20,1.0
PUNCHINGBAG,1.7,0.0,3.55,0.35,0.05,4.0,1.559,0.0,1.761,0.933,0.224,1.589,4.0,0.415,Visual,4.844,20,1.0
SHOPPING BAG,0.958,0.083,3.542,0.458,0.167,4.375,1.601,0.408,1.615,1.179,0.816,0.97,4.375,0.448,Visual,5.055,24,1.0
BUR,0.692,0.0,3.538,0.615,0.077,3.308,1.182,0.0,1.761,1.193,0.277,2.097,3.538,0.43,Haptic,4.328,13,0.684
WHETSTONE,1.2,0.0,3.533,0.067,0.067,3.4,1.612,0.0,2.264,0.258,0.258,2.23,3.533,0.427,Haptic,4.399,15,0.75
THORNILY,0.4,0.0,3.533,0.667,0.067,2.6,0.737,0.0,1.995,1.047,0.258,1.993,3.533,0.486,Haptic,3.959,15,0.833
DAMPLY,0.333,0.267,3.533,0.733,1.533,2.533,0.617,0.799,1.685,1.28,1.598,1.598,3.533,0.366,Haptic,4.009,15,0.789
WRING,1.0,0.0,3.533,0.267,0.067,3.333,1.195,0.0,1.767,0.458,0.258,1.759,3.533,0.431,Haptic,4.347,15,0.882
OVENWARE,0.4,0.067,3.533,0.333,0.067,3.933,0.91,0.258,1.552,0.9,0.258,1.486,3.933,0.464,Visual,4.719,15,0.938
GOOSEBUMPS,0.6,0.267,3.533,3.933,0.2,3.267,0.986,0.594,1.767,1.624,0.561,1.58,3.933,0.316,Interoceptive,5.193,15,1.0
FEATHER DUSTER,0.2,0.0,3.533,0.133,0.067,4.333,0.561,0.0,1.959,0.516,0.258,1.447,4.333,0.524,Visual,5.007,15,1.0
STARCHED,0.4,0.867,3.533,0.267,0.933,2.267,0.632,1.457,1.885,0.799,1.28,1.792,3.533,0.395,Haptic,3.855,15,0.833
QUARTZITE,0.267,0.267,3.533,0.2,0.4,3.667,0.799,0.799,1.685,0.561,1.121,1.988,3.667,0.416,Visual,4.539,15,0.455
WORKBASKET,0.0,0.0,3.533,0.067,0.267,3.4,0.0,0.0,1.807,0.258,0.799,2.028,3.533,0.486,Haptic,4.37,15,0.789
NECK,0.333,0.267,3.533,1.733,0.6,3.933,0.9,1.033,1.356,2.017,1.595,1.58,3.933,0.353,Visual,4.798,15,1.0
FIST,0.118,0.0,3.529,0.765,0.0,4.118,0.332,0.0,1.328,1.348,0.0,0.928,4.118,0.483,Visual,4.852,17,1.0
TACKY,1.353,0.294,3.529,0.471,0.118,3.529,1.412,0.849,1.841,1.068,0.485,1.972,3.529,0.367,Visual,4.49,17,1.0
FOOTCLOTH,0.118,0.176,3.529,0.588,0.765,4.059,0.485,0.728,1.772,1.326,1.522,1.478,4.059,0.427,Visual,4.813,17,0.895
COMFY,0.235,0.0,3.529,2.588,0.0,1.882,0.752,0.0,2.065,2.033,0.0,1.691,3.529,0.429,Haptic,4.081,17,1.0
BLISTERED,0.0,0.0,3.529,1.529,0.176,3.882,0.0,0.0,1.7,1.972,0.728,1.409,3.882,0.426,Visual,4.734,17,1.0
SNUGNESS,0.118,0.176,3.529,2.059,0.118,2.765,0.332,0.728,1.736,2.277,0.485,1.821,3.529,0.389,Haptic,4.195,17,0.944
CAR DOOR,2.059,0.0,3.529,0.059,0.059,4.176,2.076,0.0,1.908,0.243,0.243,1.237,4.176,0.423,Visual,5.007,17,1.0
MUSTACHE,0.235,0.118,3.529,0.471,0.118,4.588,0.664,0.332,1.068,0.943,0.485,0.795,4.588,0.494,Visual,5.201,17,1.0
FOOTWEAR,0.706,0.412,3.529,0.647,0.824,3.882,1.213,1.176,1.736,1.539,1.334,1.317,3.882,0.347,Visual,4.699,17,1.0
PLIERS,0.706,0.176,3.529,0.176,0.412,4.0,1.263,0.728,1.625,0.728,1.176,1.323,4.0,0.425,Visual,4.768,17,0.944
BLOCKING,1.353,0.412,3.529,1.294,0.294,3.824,1.766,1.228,1.736,1.49,0.985,1.425,3.824,0.33,Visual,4.712,17,1.0
RIB,0.294,2.588,3.529,2.0,2.0,3.059,0.849,2.347,1.231,1.541,2.318,1.6,3.529,0.24,Haptic,4.732,17,0.944
ROBE,0.368,0.105,3.526,0.632,0.526,4.105,0.684,0.315,1.577,1.3,1.219,1.41,4.105,0.432,Visual,4.841,19,1.0
HAMMER,3.526,0.263,3.526,0.579,0.368,4.211,1.577,1.147,1.611,1.17,1.212,0.976,4.211,0.316,Visual,5.458,19,1.0
SQUISH,2.895,0.316,3.526,1.211,0.211,2.579,1.883,0.946,1.611,1.843,0.918,1.805,3.526,0.309,Haptic,4.432,19,1.0
WEAVING,0.316,0.0,3.526,0.368,0.105,3.684,0.82,0.0,1.775,0.761,0.315,1.635,3.684,0.461,Visual,4.546,19,0.95
BURNING,1.947,0.947,3.526,2.895,3.474,4.158,1.58,1.508,2.038,1.823,1.712,1.119,4.158,0.189,Visual,5.75,19,1.0
DEVICE,2.737,0.316,3.526,0.316,0.474,4.316,2.104,1.157,1.954,1.157,1.219,1.416,4.316,0.342,Visual,5.252,19,1.0
WRAPPED,0.895,0.474,3.526,0.421,0.368,3.947,1.37,1.307,1.577,1.216,1.165,1.433,3.947,0.372,Visual,4.737,19,1.0
SUEDE,0.316,0.0,3.526,0.158,0.947,3.579,0.82,0.0,1.837,0.501,1.545,1.71,3.579,0.42,Visual,4.491,19,1.0
HANDLE,0.421,0.263,3.526,0.526,0.316,3.474,1.305,1.147,2.01,1.349,1.157,1.775,3.526,0.383,Haptic,4.415,19,1.0
FISHNET STOCKINGS,0.053,0.158,3.526,0.526,0.053,4.316,0.229,0.688,1.307,1.307,0.229,0.946,4.316,0.494,Visual,4.992,19,1.0
HARD COPY,0.842,0.211,3.526,0.737,0.316,4.053,1.385,0.713,1.467,1.485,0.671,1.177,4.053,0.397,Visual,4.812,19,0.905
MUDDINESS,1.263,0.211,3.526,0.316,0.842,4.053,1.368,0.535,1.389,0.671,1.344,1.224,4.053,0.376,Visual,4.835,19,1.0
FEATHERY,0.474,0.263,3.526,0.526,0.211,3.895,0.772,0.733,2.038,1.124,0.713,1.823,3.895,0.414,Visual,4.691,19,0.95
DIRT,0.789,0.263,3.526,0.474,2.053,4.053,1.316,0.562,1.349,1.124,1.649,1.129,4.053,0.34,Visual,4.928,19,1.0
PAPERBACK,0.737,0.421,3.526,0.526,0.684,3.789,1.368,1.305,1.679,1.349,1.376,1.316,3.789,0.348,Visual,4.629,19,1.0
RECLINING CHAIR,1.421,0.263,3.526,1.0,0.421,4.474,1.774,1.147,1.806,1.795,1.305,1.073,4.474,0.379,Visual,5.159,19,1.0
COUCH,0.316,0.053,3.526,0.526,0.684,4.105,0.749,0.229,1.712,1.429,1.416,1.37,4.105,0.44,Visual,4.842,19,1.0
FLOSSING,0.421,1.158,3.526,0.947,0.211,3.632,0.961,1.5,1.806,1.393,0.419,1.535,3.632,0.346,Visual,4.551,19,1.0
KICK,0.895,0.211,3.526,1.842,0.158,3.632,1.15,0.631,1.611,1.608,0.501,1.461,3.632,0.338,Visual,4.622,19,1.0
DELICATE,0.842,0.526,3.526,1.263,0.263,3.158,0.898,0.841,2.038,1.628,0.452,1.608,3.526,0.341,Haptic,4.275,19,1.0
JAVELIN,0.421,0.211,3.526,0.158,0.211,4.105,0.961,0.918,1.645,0.688,0.918,1.243,4.105,0.457,Visual,4.836,19,1.0
CUPPING,0.658,0.316,3.526,1.711,0.316,2.368,1.475,1.068,1.688,1.916,1.068,2.098,3.526,0.361,Haptic,3.968,38,0.884
GARDEN HOSE,1.737,0.105,3.526,0.368,0.263,3.684,1.881,0.315,1.611,0.955,0.653,1.416,3.684,0.37,Visual,4.629,19,1.0
BRAID,0.19,0.0,3.524,0.667,0.0,3.952,0.68,0.0,1.537,1.155,0.0,1.359,3.952,0.474,Visual,4.73,21,1.0
WATER,2.857,3.667,3.524,1.048,0.571,4.19,1.682,1.592,1.401,1.532,1.028,1.25,4.19,0.228,Visual,5.762,21,1.0
WIGGLY,0.84,0.72,3.52,1.28,0.56,3.96,1.313,1.568,1.531,1.646,1.474,1.62,3.96,0.312,Visual,4.776,25,0.962
FEATHER,0.091,0.03,3.515,0.303,0.212,4.03,0.292,0.174,1.482,0.81,0.6,1.262,4.03,0.489,Visual,4.776,33,1.0
SAFETY HARNESS,0.538,0.051,3.513,0.692,0.077,3.385,1.295,0.223,1.73,1.239,0.354,1.872,3.513,0.419,Haptic,4.355,39,0.951
STRETCHINESS,0.7,0.1,3.5,0.65,0.05,3.55,1.081,0.308,1.85,1.182,0.224,1.669,3.55,0.409,Visual,4.452,20,1.0
HUMP,0.55,0.25,3.5,1.05,0.3,3.35,1.05,0.91,1.573,1.761,0.979,2.033,3.5,0.361,Haptic,4.342,20,1.0
BACKSCRATCHER,0.889,0.0,3.5,2.056,0.056,3.0,1.023,0.0,1.79,2.1,0.236,1.68,3.5,0.368,Haptic,4.296,18,1.0
LIGHTSWITCH,1.1,0.25,3.5,0.25,0.0,4.25,1.447,1.118,1.606,0.786,0.0,0.851,4.25,0.455,Visual,4.946,20,1.0
TOOTHPICK,0.222,1.333,3.5,0.667,0.278,2.833,0.428,1.847,1.383,1.372,0.752,1.724,3.5,0.371,Haptic,4.088,18,1.0
MUFFIN,0.944,4.389,3.5,0.778,3.611,3.833,1.662,1.614,1.823,1.353,2.033,1.425,4.389,0.212,Gustatory,6.146,18,1.0
MIST,0.75,1.083,3.5,1.292,2.042,4.208,1.189,1.442,1.745,1.517,1.628,1.062,4.208,0.269,Visual,5.063,24,1.0
INSTRUMENT,4.5,0.111,3.5,0.5,0.167,4.111,1.249,0.323,1.249,1.043,0.383,1.491,4.5,0.341,Auditory,5.883,18,1.0
WRISTBAND,0.125,0.062,3.5,0.562,0.25,3.938,0.5,0.25,1.826,1.209,0.577,1.482,3.938,0.459,Visual,4.704,16,1.0
NIPPLE,0.333,1.278,3.5,1.222,0.778,3.778,0.84,1.674,1.79,1.437,1.166,1.437,3.778,0.316,Visual,4.66,18,1.0
TENNISRACKET,1.75,0.1,3.5,0.5,0.15,4.25,1.832,0.447,1.573,1.051,0.671,1.251,4.25,0.405,Visual,5.002,20,1.0
CHINAWARE,1.15,0.1,3.5,0.05,0.15,4.1,1.496,0.447,1.96,0.224,0.671,1.294,4.1,0.448,Visual,4.839,20,1.0
ICEPICK,0.722,0.333,3.5,1.278,0.389,3.111,1.274,1.029,1.823,1.565,1.145,1.745,3.5,0.339,Haptic,4.227,18,1.0
SWEATPANTS,0.167,0.056,3.5,0.5,0.167,4.167,0.514,0.236,1.425,1.249,0.707,1.339,4.167,0.481,Visual,4.868,18,1.0
DENIMS,0.062,0.0,3.5,0.25,0.25,4.125,0.25,0.0,1.713,0.683,0.577,0.806,4.125,0.504,Visual,4.836,16,0.889
WRAPPING PAPER,1.833,0.0,3.5,0.0,0.333,4.5,1.505,0.0,1.543,0.0,0.84,0.618,4.5,0.443,Visual,5.195,18,1.0
ICE WATER,1.278,3.444,3.5,1.556,0.167,3.444,1.873,1.723,1.383,1.917,0.514,1.854,3.5,0.249,Haptic,5.072,18,1.0
SWORDSTICK,1.2,0.4,3.5,0.2,0.2,4.4,1.398,0.966,1.841,0.632,0.632,1.35,4.4,0.424,Visual,5.064,10,0.667
LEVER,0.611,0.0,3.5,0.278,0.0,3.333,1.335,0.0,1.724,0.826,0.0,1.782,3.5,0.453,Haptic,4.312,18,1.0
POTATO,0.25,4.55,3.5,0.3,3.4,4.4,0.639,1.099,1.878,1.129,1.392,0.821,4.55,0.262,Gustatory,6.396,20,1.0
POLO SHIRT,0.273,0.182,3.5,0.455,0.727,4.0,0.767,0.588,1.766,1.057,1.316,1.345,4.0,0.418,Visual,4.753,22,1.0
PRECIPITATION,2.944,0.889,3.5,1.167,1.833,3.889,1.662,1.605,1.757,1.724,1.425,1.53,3.889,0.211,Visual,5.138,18,1.0
APPAREL,0.222,0.0,3.5,0.0,0.389,4.444,0.943,0.0,1.295,0.0,0.979,0.784,4.444,0.519,Visual,5.075,18,1.0
ABUSER,3.111,0.444,3.5,2.111,0.833,3.056,2.111,1.247,2.093,2.026,1.543,2.413,3.5,0.234,Haptic,4.814,18,1.0
CREPE PAPER,1.438,0.312,3.5,0.188,0.438,3.625,1.861,0.602,1.713,0.544,1.263,1.628,3.625,0.362,Visual,4.54,16,0.941
SLEEVE,0.562,0.0,3.5,0.625,0.0,3.812,1.094,0.0,1.713,1.408,0.0,1.601,3.812,0.449,Visual,4.622,16,1.0
FOLDER,0.438,0.0,3.5,0.0,0.062,4.25,0.964,0.0,1.751,0.0,0.25,1.238,4.25,0.515,Visual,4.929,16,1.0
QUILL,0.944,0.167,3.5,0.333,0.333,3.722,1.662,0.707,1.855,0.84,0.84,1.776,3.722,0.395,Visual,4.569,18,0.947
GREASED,0.65,0.85,3.5,0.7,0.95,2.05,1.387,1.424,1.606,1.38,1.504,1.731,3.5,0.328,Haptic,3.77,20,1.0
CRISPS,2.938,4.625,3.5,1.25,2.375,3.375,1.731,0.719,1.414,1.528,2.029,1.746,4.625,0.187,Gustatory,6.045,16,0.842
VISCOSITY,0.75,0.562,3.5,0.5,0.25,2.812,1.342,0.892,1.461,1.211,0.577,1.328,3.5,0.388,Haptic,4.038,16,0.762
RAZOR,0.875,0.0,3.5,0.0,0.0,3.625,1.455,0.0,1.461,0.0,0.0,1.36,3.625,0.453,Visual,4.501,16,1.0
SAFETY PIN,0.222,0.056,3.5,0.167,0.0,4.389,0.732,0.236,1.654,0.514,0.0,1.243,4.389,0.527,Visual,5.032,18,1.0
SIDE DOOR,2.0,0.3,3.5,0.45,0.45,4.25,2.077,1.129,1.878,1.395,1.395,1.333,4.25,0.361,Visual,5.038,20,1.0
PAPER PLATE,0.25,0.2,3.5,0.2,0.15,4.2,0.716,0.696,1.539,0.696,0.671,1.322,4.2,0.476,Visual,4.891,20,1.0
RINSE,1.75,0.3,3.5,0.9,0.3,2.5,1.713,0.733,1.638,1.373,0.657,1.821,3.5,0.346,Haptic,4.013,20,1.0
FISHING ROD,0.955,0.0,3.5,0.136,0.136,3.955,1.43,0.0,1.793,0.64,0.64,1.327,3.955,0.455,Visual,4.727,22,1.0
COPULATION,3.062,1.812,3.5,3.5,1.812,3.75,1.914,1.974,2.16,1.932,2.073,1.732,3.75,0.111,Visual,5.637,16,0.8
ELECTROSHOCK,1.65,0.15,3.5,3.5,0.3,1.9,1.843,0.671,1.906,1.821,0.923,1.804,3.5,0.305,Interoceptive,4.597,20,1.0
BODY ARMOR,0.688,0.0,3.5,0.75,0.062,4.062,1.448,0.0,1.751,1.653,0.25,1.652,4.062,0.448,Visual,4.801,16,1.0
SHOULDER HOLSTER,0.5,0.062,3.5,0.688,0.25,3.688,1.211,0.25,1.506,1.25,0.577,1.448,3.688,0.417,Visual,4.538,16,0.941
ELASTIC,1.056,0.167,3.5,0.333,0.056,3.889,1.697,0.707,1.823,0.767,0.236,1.53,3.889,0.426,Visual,4.686,18,1.0
BREAKABLE,1.438,0.0,3.5,0.438,0.125,3.625,1.711,0.0,1.549,0.814,0.342,1.544,3.625,0.397,Visual,4.54,16,0.941
BREEZE,2.833,0.056,3.5,0.889,0.444,1.167,1.465,0.236,2.149,1.323,0.616,1.618,3.5,0.388,Haptic,4.082,18,1.0
VISELIKE,0.25,0.0,3.5,1.667,0.0,2.333,0.622,0.0,1.883,1.969,0.0,1.723,3.5,0.452,Haptic,3.92,12,0.75
CASH,0.562,0.0,3.5,0.312,0.938,4.062,0.629,0.0,1.414,1.25,1.124,1.526,4.062,0.433,Visual,4.805,16,0.941
GUN,3.7,0.1,3.5,1.1,0.85,4.35,1.593,0.447,1.878,1.619,1.137,1.387,4.35,0.312,Visual,5.623,20,1.0
WARMNESS,0.85,0.45,3.5,3.65,0.05,1.45,1.599,0.999,1.987,1.814,0.224,1.791,3.65,0.362,Interoceptive,4.567,20,1.0
